Workbook

Sheet Обработка исходного
A1: Класс материала | C1: Марка стали или сплава | E1: Сортамент | F1: Параметр | G1: Температура, К (°С)
G2: 20 | H2: 50 | I2: 100 | J2: 150 | K2: 200 | L2: 250 | M2: 300 | N2: 350 | O2: 400 | P2: 450 | Q2: 500 | R2: 550 | S2: 600
A3: Сталь углеродистая | B3: =IF(NOT(ISBLANK(A3)),A3,IF(NOT(ISBLANK(E3)),INDEX(B:B,ROW(B3)-4),"")) -> Сталь углеродистая | C3: Ст3сп5 | D3: =IF(NOT(ISBLANK(C3)),C3,IF(NOT(ISBLANK(E3)),INDEX(D:D,ROW(D3)-4),"")) -> Ст3сп5 | E3: Горячекатаная сортовая фасонная и листовая сталь толщиной до 20 мм | F3: =CHOOSE(MOD(ROW(F3)-ROW($F$3),4)+1, "Предел прочности, МПа", "Предел текучести, МПа", "Относительное удлинение пятикратного образца при растяжении, %", "Относительное сужение поперечного сечения образца при растяжении, %") -> Предел прочности, МПа | G3: 373 | H3: 363 | I3: 353 | J3: 353 | K3: 343 | L3: 323 | M3: 284 | N3: - | O3: - | P3: - | Q3: - | R3: - | S3: -
B4: =IF(NOT(ISBLANK(A4)),A4,IF(NOT(ISBLANK(E4)),INDEX(B:B,ROW(B4)-4),"")) | D4: =IF(NOT(ISBLANK(C4)),C4,IF(NOT(ISBLANK(E4)),INDEX(D:D,ROW(D4)-4),"")) | F4: =CHOOSE(MOD(ROW(F4)-ROW($F$3),4)+1, "Предел прочности, МПа", "Предел текучести, МПа", "Относительное удлинение пятикратного образца при растяжении, %", "Относительное сужение поперечного сечения образца при растяжении, %") -> Предел текучести, МПа | G4: 245 | H4: 235 | I4: 235 | J4: 235 | K4: 235 | L4: 206 | M4: 186 | N4: - | O4: - | P4: - | Q4: - | R4: - | S4: -
B5: =IF(NOT(ISBLANK(A5)),A5,IF(NOT(ISBLANK(E5)),INDEX(B:B,ROW(B5)-4),"")) | D5: =IF(NOT(ISBLANK(C5)),C5,IF(NOT(ISBLANK(E5)),INDEX(D:D,ROW(D5)-4),"")) | F5: =CHOOSE(MOD(ROW(F5)-ROW($F$3),4)+1, "Предел прочности, МПа", "Предел текучести, МПа", "Относительное удлинение пятикратного образца при растяжении, %", "Относительное сужение поперечного сечения образца при растяжении, %") -> Относительное удлинение пятикратного образца при растяжении, % | G5: 26 | H5: 24 | I5: 22 | J5: 20 | K5: 20 | L5: 20 | M5: 20 | N5: - | O5: - | P5: - | Q5: - | R5: - | S5: -
B6: =IF(NOT(ISBLANK(A6)),A6,IF(NOT(ISBLANK(E6)),INDEX(B:B,ROW(B6)-4),"")) | D6: =IF(NOT(ISBLANK(C6)),C6,IF(NOT(ISBLANK(E6)),INDEX(D:D,ROW(D6)-4),"")) | F6: =CHOOSE(MOD(ROW(F6)-ROW($F$3),4)+1, "Предел прочности, МПа", "Предел текучести, МПа", "Относительное удлинение пятикратного образца при растяжении, %", "Относительное сужение поперечного сечения образца при растяжении, %") -> Относительное сужение поперечного сечения образца при растяжении, % | G6: 50 | H6: 49 | I6: 49 | J6: 48 | K6: 47 | L6: 47 | M6: 48 | N6: - | O6: - | P6: - | Q6: - | R6: - | S6: -
B7: =IF(NOT(ISBLANK(A7)),A7,IF(NOT(ISBLANK(E7)),INDEX(B:B,ROW(B7)-4),"")) -> Сталь углеродистая | D7: =IF(NOT(ISBLANK(C7)),C7,IF(NOT(ISBLANK(E7)),INDEX(D:D,ROW(D7)-4),"")) -> Ст3сп5 | E7: Горячекатаная сортовая фасонная и листовая сталь толщиной от 20 до 100 мм | F7: =CHOOSE(MOD(ROW(F7)-ROW($F$3),4)+1, "Предел прочности, МПа", "Предел текучести, МПа", "Относительное удлинение пятикратного образца при растяжении, %", "Относительное сужение поперечного сечения образца при растяжении, %") -> Предел прочности, МПа | G7: 373 | H7: 363 | I7: 353 | J7: 353 | K7: 343 | L7: 323 | M7: 284 | N7: - | O7: - | P7: - | Q7: - | R7: - | S7: -
B8: =IF(NOT(ISBLANK(A8)),A8,IF(NOT(ISBLANK(E8)),INDEX(B:B,ROW(B8)-4),"")) | D8: =IF(NOT(ISBLANK(C8)),C8,IF(NOT(ISBLANK(E8)),INDEX(D:D,ROW(D8)-4),"")) | F8: =CHOOSE(MOD(ROW(F8)-ROW($F$3),4)+1, "Предел прочности, МПа", "Предел текучести, МПа", "Относительное удлинение пятикратного образца при растяжении, %", "Относительное сужение поперечного сечения образца при растяжении, %") -> Предел текучести, МПа | G8: 206 | H8: 196 | I8: 196 | J8: 196 | K8: 196 | L8: 177 | M8: 157 | N8: - | O8: - | P8: - | Q8: - | R8: - | S8: -
B9: =IF(NOT(ISBLANK(A9)),A9,IF(NOT(ISBLANK(E9)),INDEX(B:B,ROW(B9)-4),"")) | D9: =IF(NOT(ISBLANK(C9)),C9,IF(NOT(ISBLANK(E9)),INDEX(D:D,ROW(D9)-4),"")) | F9: =CHOOSE(MOD(ROW(F9)-ROW($F$3),4)+1, "Предел прочности, МПа", "Предел текучести, МПа", "Относительное удлинение пятикратного образца при растяжении, %", "Относительное сужение поперечного сечения образца при растяжении, %") -> Относительное удлинение пятикратного образца при растяжении, % | G9: 23 | H9: 21 | I9: 19 | J9: 18 | K9: 18 | L9: 18 | M9: 18 | N9: - | O9: - | P9: - | Q9: - | R9: - | S9: -
B10: =IF(NOT(ISBLANK(A10)),A10,IF(NOT(ISBLANK(E10)),INDEX(B:B,ROW(B10)-4),"")) | D10: =IF(NOT(ISBLANK(C10)),C10,IF(NOT(ISBLANK(E10)),INDEX(D:D,ROW(D10)-4),"")) | F10: =CHOOSE(MOD(ROW(F10)-ROW($F$3),4)+1, "Предел прочности, МПа", "Предел текучести, МПа", "Относительное удлинение пятикратного образца при растяжении, %", "Относительное сужение поперечного сечения образца при растяжении, %") -> Относительное сужение поперечного сечения образца при растяжении, % | G10: 50 | H10: 49 | I10: 49 | J10: 48 | K10: 47 | L10: 47 | M10: 48 | N10: - | O10: - | P10: - | Q10: - | R10: - | S10: -
B11: =IF(NOT(ISBLANK(A11)),A11,IF(NOT(ISBLANK(E11)),INDEX(B:B,ROW(B11)-4),"")) -> Сталь углеродистая | D11: =IF(NOT(ISBLANK(C11)),C11,IF(NOT(ISBLANK(E11)),INDEX(D:D,ROW(D11)-4),"")) -> Ст3сп5 | E11: Горячекатаная сортовая фасонная и листовая сталь толщиной более 100 мм | F11: =CHOOSE(MOD(ROW(F11)-ROW($F$3),4)+1, "Предел прочности, МПа", "Предел текучести, МПа", "Относительное удлинение пятикратного образца при растяжении, %", "Относительное сужение поперечного сечения образца при растяжении, %") -> Предел прочности, МПа | G11: 373 | H11: 363 | I11: 353 | J11: 353 | K11: 343 | L11: 323 | M11: 284 | N11: - | O11: - | P11: - | Q11: - | R11: - | S11: -
B12: =IF(NOT(ISBLANK(A12)),A12,IF(NOT(ISBLANK(E12)),INDEX(B:B,ROW(B12)-4),"")) | D12: =IF(NOT(ISBLANK(C12)),C12,IF(NOT(ISBLANK(E12)),INDEX(D:D,ROW(D12)-4),"")) | F12: =CHOOSE(MOD(ROW(F12)-ROW($F$3),4)+1, "Предел прочности, МПа", "Предел текучести, МПа", "Относительное удлинение пятикратного образца при растяжении, %", "Относительное сужение поперечного сечения образца при растяжении, %") -> Предел текучести, МПа | G12: 206 | H12: 196 | I12: 196 | J12: 196 | K12: 196 | L12: 177 | M12: 157 | N12: - | O12: - | P12: - | Q12: - | R12: - | S12: -
B13: =IF(NOT(ISBLANK(A13)),A13,IF(NOT(ISBLANK(E13)),INDEX(B:B,ROW(B13)-4),"")) | D13: =IF(NOT(ISBLANK(C13)),C13,IF(NOT(ISBLANK(E13)),INDEX(D:D,ROW(D13)-4),"")) | F13: =CHOOSE(MOD(ROW(F13)-ROW($F$3),4)+1, "Предел прочности, МПа", "Предел текучести, МПа", "Относительное удлинение пятикратного образца при растяжении, %", "Относительное сужение поперечного сечения образца при растяжении, %") -> Относительное удлинение пятикратного образца при растяжении, % | G13: 23 | H13: 21 | I13: 19 | J13: 18 | K13: 18 | L13: 18 | M13: 18 | N13: - | O13: - | P13: - | Q13: - | R13: - | S13: -
B14: =IF(NOT(ISBLANK(A14)),A14,IF(NOT(ISBLANK(E14)),INDEX(B:B,ROW(B14)-4),"")) | D14: =IF(NOT(ISBLANK(C14)),C14,IF(NOT(ISBLANK(E14)),INDEX(D:D,ROW(D14)-4),"")) | F14: =CHOOSE(MOD(ROW(F14)-ROW($F$3),4)+1, "Предел прочности, МПа", "Предел текучести, МПа", "Относительное удлинение пятикратного образца при растяжении, %", "Относительное сужение поперечного сечения образца при растяжении, %") -> Относительное сужение поперечного сечения образца при растяжении, % | G14: 50 | H14: 49 | I14: 49 | J14: 48 | K14: 47 | L14: 47 | M14: 48 | N14: - | O14: - | P14: - | Q14: - | R14: - | S14: -
B15: =IF(NOT(ISBLANK(A15)),A15,IF(NOT(ISBLANK(E15)),INDEX(B:B,ROW(B15)-4),"")) -> Сталь углеродистая | D15: =IF(NOT(ISBLANK(C15)),C15,IF(NOT(ISBLANK(E15)),INDEX(D:D,ROW(D15)-4),"")) -> Ст3сп5 | E15: Трубы | F15: =CHOOSE(MOD(ROW(F15)-ROW($F$3),4)+1, "Предел прочности, МПа", "Предел текучести, МПа", "Относительное удлинение пятикратного образца при растяжении, %", "Относительное сужение поперечного сечения образца при растяжении, %") -> Предел прочности, МПа | G15: 373 | H15: 363 | I15: 353 | J15: 343 | K15: 343 | L15: 323 | M15: 324 | N15: - | O15: - | P15: - | Q15: - | R15: - | S15: -
B16: =IF(NOT(ISBLANK(A16)),A16,IF(NOT(ISBLANK(E16)),INDEX(B:B,ROW(B16)-4),"")) | D16: =IF(NOT(ISBLANK(C16)),C16,IF(NOT(ISBLANK(E16)),INDEX(D:D,ROW(D16)-4),"")) | F16: =CHOOSE(MOD(ROW(F16)-ROW($F$3),4)+1, "Предел прочности, МПа", "Предел текучести, МПа", "Относительное удлинение пятикратного образца при растяжении, %", "Относительное сужение поперечного сечения образца при растяжении, %") -> Предел текучести, МПа | G16: 206 | H16: 196 | I16: 196 | J16: 196 | K16: 196 | L16: 177 | M16: 157 | N16: - | O16: - | P16: - | Q16: - | R16: - | S16: -
B17: =IF(NOT(ISBLANK(A17)),A17,IF(NOT(ISBLANK(E17)),INDEX(B:B,ROW(B17)-4),"")) | D17: =IF(NOT(ISBLANK(C17)),C17,IF(NOT(ISBLANK(E17)),INDEX(D:D,ROW(D17)-4),"")) | F17: =CHOOSE(MOD(ROW(F17)-ROW($F$3),4)+1, "Предел прочности, МПа", "Предел текучести, МПа", "Относительное удлинение пятикратного образца при растяжении, %", "Относительное сужение поперечного сечения образца при растяжении, %") -> Относительное удлинение пятикратного образца при растяжении, % | G17: 23 | H17: 21 | I17: 19 | J17: 18 | K17: 18 | L17: 18 | M17: 18 | N17: - | O17: - | P17: - | Q17: - | R17: - | S17: -
B18: =IF(NOT(ISBLANK(A18)),A18,IF(NOT(ISBLANK(E18)),INDEX(B:B,ROW(B18)-4),"")) | D18: =IF(NOT(ISBLANK(C18)),C18,IF(NOT(ISBLANK(E18)),INDEX(D:D,ROW(D18)-4),"")) | F18: =CHOOSE(MOD(ROW(F18)-ROW($F$3),4)+1, "Предел прочности, МПа", "Предел текучести, МПа", "Относительное удлинение пятикратного образца при растяжении, %", "Относительное сужение поперечного сечения образца при растяжении, %") -> Относительное сужение поперечного сечения образца при растяжении, % | G18: 50 | H18: 49 | I18: 49 | J18: 48 | K18: 47 | L18: 47 | M18: 48 | N18: - | O18: - | P18: - | Q18: - | R18: - | S18: -
B19: =IF(NOT(ISBLANK(A19)),A19,IF(NOT(ISBLANK(E19)),INDEX(B:B,ROW(B19)-4),"")) -> Сталь углеродистая | D19: =IF(NOT(ISBLANK(C19)),C19,IF(NOT(ISBLANK(E19)),INDEX(D:D,ROW(D19)-4),"")) -> Ст3сп5 | E19: Поковки диаметром или толщиной до 300 мм, КП175* | F19: =CHOOSE(MOD(ROW(F19)-ROW($F$3),4)+1, "Предел прочности, МПа", "Предел текучести, МПа", "Относительное удлинение пятикратного образца при растяжении, %", "Относительное сужение поперечного сечения образца при растяжении, %") -> Предел прочности, МПа | G19: 355 | H19: 343 | I19: 333 | J19: 333 | K19: 314 | L19: 304 | M19: 275 | N19: - | O19: - | P19: - | Q19: - | R19: - | S19: -
B20: =IF(NOT(ISBLANK(A20)),A20,IF(NOT(ISBLANK(E20)),INDEX(B:B,ROW(B20)-4),"")) | D20: =IF(NOT(ISBLANK(C20)),C20,IF(NOT(ISBLANK(E20)),INDEX(D:D,ROW(D20)-4),"")) | F20: =CHOOSE(MOD(ROW(F20)-ROW($F$3),4)+1, "Предел прочности, МПа", "Предел текучести, МПа", "Относительное удлинение пятикратного образца при растяжении, %", "Относительное сужение поперечного сечения образца при растяжении, %") -> Предел текучести, МПа | G20: 175 | H20: 167 | I20: 167 | J20: 167 | K20: 157 | L20: 147 | M20: 137 | N20: - | O20: - | P20: - | Q20: - | R20: - | S20: -
B21: =IF(NOT(ISBLANK(A21)),A21,IF(NOT(ISBLANK(E21)),INDEX(B:B,ROW(B21)-4),"")) | D21: =IF(NOT(ISBLANK(C21)),C21,IF(NOT(ISBLANK(E21)),INDEX(D:D,ROW(D21)-4),"")) | F21: =CHOOSE(MOD(ROW(F21)-ROW($F$3),4)+1, "Предел прочности, МПа", "Предел текучести, МПа", "Относительное удлинение пятикратного образца при растяжении, %", "Относительное сужение поперечного сечения образца при растяжении, %") -> Относительное удлинение пятикратного образца при растяжении, % | G21: 24 | H21: 22 | I21: 20 | J21: 18 | K21: 17 | L21: 17 | M21: 17 | N21: - | O21: - | P21: - | Q21: - | R21: - | S21: -
B22: =IF(NOT(ISBLANK(A22)),A22,IF(NOT(ISBLANK(E22)),INDEX(B:B,ROW(B22)-4),"")) | D22: =IF(NOT(ISBLANK(C22)),C22,IF(NOT(ISBLANK(E22)),INDEX(D:D,ROW(D22)-4),"")) | F22: =CHOOSE(MOD(ROW(F22)-ROW($F$3),4)+1, "Предел прочности, МПа", "Предел текучести, МПа", "Относительное удлинение пятикратного образца при растяжении, %", "Относительное сужение поперечного сечения образца при растяжении, %") -> Относительное сужение поперечного сечения образца при растяжении, % | G22: 50 | H22: 47 | I22: 44 | J22: 41 | K22: 40 | L22: 40 | M22: 40 | N22: - | O22: - | P22: - | Q22: - | R22: - | S22: -
B23: =IF(NOT(ISBLANK(A23)),A23,IF(NOT(ISBLANK(E23)),INDEX(B:B,ROW(B23)-4),"")) -> Сталь углеродистая | D23: =IF(NOT(ISBLANK(C23)),C23,IF(NOT(ISBLANK(E23)),INDEX(D:D,ROW(D23)-4),"")) -> Ст3сп5 | E23: Поковки диаметром или толщиной до 300 мм, КП195* | F23: =CHOOSE(MOD(ROW(F23)-ROW($F$3),4)+1, "Предел прочности, МПа", "Предел текучести, МПа", "Относительное удлинение пятикратного образца при растяжении, %", "Относительное сужение поперечного сечения образца при растяжении, %") -> Предел прочности, МПа | G23: 390 | H23: 390 | I23: 373 | J23: 373 | K23: 363 | L23: 333 | M23: 304 | N23: - | O23: - | P23: - | Q23: - | R23: - | S23: -
B24: =IF(NOT(ISBLANK(A24)),A24,IF(NOT(ISBLANK(E24)),INDEX(B:B,ROW(B24)-4),"")) | D24: =IF(NOT(ISBLANK(C24)),C24,IF(NOT(ISBLANK(E24)),INDEX(D:D,ROW(D24)-4),"")) | F24: =CHOOSE(MOD(ROW(F24)-ROW($F$3),4)+1, "Предел прочности, МПа", "Предел текучести, МПа", "Относительное удлинение пятикратного образца при растяжении, %", "Относительное сужение поперечного сечения образца при растяжении, %") -> Предел текучести, МПа | G24: 195 | H24: 195 | I24: 195 | J24: 195 | K24: 177 | L24: 167 | M24: 147 | N24: - | O24: - | P24: - | Q24: - | R24: - | S24: -
B25: =IF(NOT(ISBLANK(A25)),A25,IF(NOT(ISBLANK(E25)),INDEX(B:B,ROW(B25)-4),"")) | D25: =IF(NOT(ISBLANK(C25)),C25,IF(NOT(ISBLANK(E25)),INDEX(D:D,ROW(D25)-4),"")) | F25: =CHOOSE(MOD(ROW(F25)-ROW($F$3),4)+1, "Предел прочности, МПа", "Предел текучести, МПа", "Относительное удлинение пятикратного образца при растяжении, %", "Относительное сужение поперечного сечения образца при растяжении, %") -> Относительное удлинение пятикратного образца при растяжении, % | G25: 23 | H25: 21 | I25: 20 | J25: 18 | K25: 18 | L25: 18 | M25: 18 | N25: - | O25: - | P25: - | Q25: - | R25: - | S25: -
B26: =IF(NOT(ISBLANK(A26)),A26,IF(NOT(ISBLANK(E26)),INDEX(B:B,ROW(B26)-4),"")) | D26: =IF(NOT(ISBLANK(C26)),C26,IF(NOT(ISBLANK(E26)),INDEX(D:D,ROW(D26)-4),"")) | F26: =CHOOSE(MOD(ROW(F26)-ROW($F$3),4)+1, "Предел прочности, МПа", "Предел текучести, МПа", "Относительное удлинение пятикратного образца при растяжении, %", "Относительное сужение поперечного сечения образца при растяжении, %") -> Относительное сужение поперечного сечения образца при растяжении, % | G26: 50 | H26: 47 | I26: 44 | J26: 41 | K26: 40 | L26: 40 | M26: 40 | N26: - | O26: - | P26: - | Q26: - | R26: - | S26: -
B27: =IF(NOT(ISBLANK(A27)),A27,IF(NOT(ISBLANK(E27)),INDEX(B:B,ROW(B27)-4),"")) -> Сталь углеродистая | D27: =IF(NOT(ISBLANK(C27)),C27,IF(NOT(ISBLANK(E27)),INDEX(D:D,ROW(D27)-4),"")) -> Ст3сп5 | E27: Поковки диаметром или толщиной до 50 мм, КП215* | F27: =CHOOSE(MOD(ROW(F27)-ROW($F$3),4)+1, "Предел прочности, МПа", "Предел текучести, МПа", "Относительное удлинение пятикратного образца при растяжении, %", "Относительное сужение поперечного сечения образца при растяжении, %") -> Предел прочности, МПа | G27: 420 | H27: 422 | I27: 402 | J27: 402 | K27: 392 | L27: 373 | M27: 333 | N27: - | O27: - | P27: - | Q27: - | R27: - | S27: -
B28: =IF(NOT(ISBLANK(A28)),A28,IF(NOT(ISBLANK(E28)),INDEX(B:B,ROW(B28)-4),"")) | D28: =IF(NOT(ISBLANK(C28)),C28,IF(NOT(ISBLANK(E28)),INDEX(D:D,ROW(D28)-4),"")) | F28: =CHOOSE(MOD(ROW(F28)-ROW($F$3),4)+1, "Предел прочности, МПа", "Предел текучести, МПа", "Относительное удлинение пятикратного образца при растяжении, %", "Относительное сужение поперечного сечения образца при растяжении, %") -> Предел текучести, МПа | G28: 215 | H28: 206 | I28: 206 | J28: 206 | K28: 196 | L28: 196 | M28: 167 | N28: - | O28: - | P28: - | Q28: - | R28: - | S28: -
B29: =IF(NOT(ISBLANK(A29)),A29,IF(NOT(ISBLANK(E29)),INDEX(B:B,ROW(B29)-4),"")) | D29: =IF(NOT(ISBLANK(C29)),C29,IF(NOT(ISBLANK(E29)),INDEX(D:D,ROW(D29)-4),"")) | F29: =CHOOSE(MOD(ROW(F29)-ROW($F$3),4)+1, "Предел прочности, МПа", "Предел текучести, МПа", "Относительное удлинение пятикратного образца при растяжении, %", "Относительное сужение поперечного сечения образца при растяжении, %") -> Относительное удлинение пятикратного образца при растяжении, % | G29: 23 | H29: 21 | I29: 20 | J29: 18 | K29: 18 | L29: 18 | M29: 18 | N29: - | O29: - | P29: - | Q29: - | R29: - | S29: -
B30: =IF(NOT(ISBLANK(A30)),A30,IF(NOT(ISBLANK(E30)),INDEX(B:B,ROW(B30)-4),"")) | D30: =IF(NOT(ISBLANK(C30)),C30,IF(NOT(ISBLANK(E30)),INDEX(D:D,ROW(D30)-4),"")) | F30: =CHOOSE(MOD(ROW(F30)-ROW($F$3),4)+1, "Предел прочности, МПа", "Предел текучести, МПа", "Относительное удлинение пятикратного образца при растяжении, %", "Относительное сужение поперечного сечения образца при растяжении, %") -> Относительное сужение поперечного сечения образца при растяжении, % | G30: 50 | H30: 47 | I30: 44 | J30: 41 | K30: 40 | L30: 40 | M30: 40 | N30: - | O30: - | P30: - | Q30: - | R30: - | S30: -
A31: Сталь углеродистая | B31: =IF(NOT(ISBLANK(A31)),A31,IF(NOT(ISBLANK(E31)),INDEX(B:B,ROW(B31)-4),"")) -> Сталь углеродистая | C31: 10 | D31: =IF(NOT(ISBLANK(C31)),C31,IF(NOT(ISBLANK(E31)),INDEX(D:D,ROW(D31)-4),"")) -> 10 | E31: Трубы холодно- и теплодеформированные бесшовные | F31: =CHOOSE(MOD(ROW(F31)-ROW($F$3),4)+1, "Предел прочности, МПа", "Предел текучести, МПа", "Относительное удлинение пятикратного образца при растяжении, %", "Относительное сужение поперечного сечения образца при растяжении, %") -> Предел прочности, МПа | G31: 343 | H31: 333 | I31: 333 | J31: 333 | K31: 333 | L31: 323 | M31: 314 | N31: 294 | O31: - | P31: - | Q31: - | R31: - | S31: -
B32: =IF(NOT(ISBLANK(A32)),A32,IF(NOT(ISBLANK(E32)),INDEX(B:B,ROW(B32)-4),"")) | D32: =IF(NOT(ISBLANK(C32)),C32,IF(NOT(ISBLANK(E32)),INDEX(D:D,ROW(D32)-4),"")) | F32: =CHOOSE(MOD(ROW(F32)-ROW($F$3),4)+1, "Предел прочности, МПа", "Предел текучести, МПа", "Относительное удлинение пятикратного образца при растяжении, %", "Относительное сужение поперечного сечения образца при растяжении, %") -> Предел текучести, МПа | G32: 206 | H32: 196 | I32: 195 | J32: 181 | K32: 176 | L32: 157 | M32: 137 | N32: 118 | O32: - | P32: - | Q32: - | R32: - | S32: -
B33: =IF(NOT(ISBLANK(A33)),A33,IF(NOT(ISBLANK(E33)),INDEX(B:B,ROW(B33)-4),"")) | D33: =IF(NOT(ISBLANK(C33)),C33,IF(NOT(ISBLANK(E33)),INDEX(D:D,ROW(D33)-4),"")) | F33: =CHOOSE(MOD(ROW(F33)-ROW($F$3),4)+1, "Предел прочности, МПа", "Предел текучести, МПа", "Относительное удлинение пятикратного образца при растяжении, %", "Относительное сужение поперечного сечения образца при растяжении, %") -> Относительное удлинение пятикратного образца при растяжении, % | G33: 24 | H33: 20 | I33: 18 | J33: 18 | K33: 19 | L33: 21 | M33: 23 | N33: 24 | O33: - | P33: - | Q33: - | R33: - | S33: -
B34: =IF(NOT(ISBLANK(A34)),A34,IF(NOT(ISBLANK(E34)),INDEX(B:B,ROW(B34)-4),"")) | D34: =IF(NOT(ISBLANK(C34)),C34,IF(NOT(ISBLANK(E34)),INDEX(D:D,ROW(D34)-4),"")) | F34: =CHOOSE(MOD(ROW(F34)-ROW($F$3),4)+1, "Предел прочности, МПа", "Предел текучести, МПа", "Относительное удлинение пятикратного образца при растяжении, %", "Относительное сужение поперечного сечения образца при растяжении, %") -> Относительное сужение поперечного сечения образца при растяжении, % | G34: 50 | H34: 46 | I34: 40 | J34: 40 | K34: 40 | L34: 42 | M34: 44 | N34: 48 | O34: - | P34: - | Q34: - | R34: - | S34: -
B35: =IF(NOT(ISBLANK(A35)),A35,IF(NOT(ISBLANK(E35)),INDEX(B:B,ROW(B35)-4),"")) -> Сталь углеродистая | D35: =IF(NOT(ISBLANK(C35)),C35,IF(NOT(ISBLANK(E35)),INDEX(D:D,ROW(D35)-4),"")) -> 10 | E35: Сортовая горячекатаная и кованая сталь толщиной или диаметром до 80 мм | F35: =CHOOSE(MOD(ROW(F35)-ROW($F$3),4)+1, "Предел прочности, МПа", "Предел текучести, МПа", "Относительное удлинение пятикратного образца при растяжении, %", "Относительное сужение поперечного сечения образца при растяжении, %") -> Предел прочности, МПа | G35: 333 | H35: 333 | I35: 333 | J35: 333 | K35: 333 | L35: 323 | M35: 314 | N35: 294 | O35: - | P35: - | Q35: - | R35: - | S35: -
B36: =IF(NOT(ISBLANK(A36)),A36,IF(NOT(ISBLANK(E36)),INDEX(B:B,ROW(B36)-4),"")) | D36: =IF(NOT(ISBLANK(C36)),C36,IF(NOT(ISBLANK(E36)),INDEX(D:D,ROW(D36)-4),"")) | F36: =CHOOSE(MOD(ROW(F36)-ROW($F$3),4)+1, "Предел прочности, МПа", "Предел текучести, МПа", "Относительное удлинение пятикратного образца при растяжении, %", "Относительное сужение поперечного сечения образца при растяжении, %") -> Предел текучести, МПа | G36: 186 | H36: 186 | I36: 186 | J36: 177 | K36: 177 | L36: 157 | M36: 137 | N36: 118 | O36: - | P36: - | Q36: - | R36: - | S36: -
B37: =IF(NOT(ISBLANK(A37)),A37,IF(NOT(ISBLANK(E37)),INDEX(B:B,ROW(B37)-4),"")) | D37: =IF(NOT(ISBLANK(C37)),C37,IF(NOT(ISBLANK(E37)),INDEX(D:D,ROW(D37)-4),"")) | F37: =CHOOSE(MOD(ROW(F37)-ROW($F$3),4)+1, "Предел прочности, МПа", "Предел текучести, МПа", "Относительное удлинение пятикратного образца при растяжении, %", "Относительное сужение поперечного сечения образца при растяжении, %") -> Относительное удлинение пятикратного образца при растяжении, % | G37: 31 | H37: 28 | I37: 26 | J37: 22 | K37: 25 | L37: 24.5 | M37: 25.5 | N37: 28 | O37: - | P37: - | Q37: - | R37: - | S37: -
B38: =IF(NOT(ISBLANK(A38)),A38,IF(NOT(ISBLANK(E38)),INDEX(B:B,ROW(B38)-4),"")) | D38: =IF(NOT(ISBLANK(C38)),C38,IF(NOT(ISBLANK(E38)),INDEX(D:D,ROW(D38)-4),"")) | F38: =CHOOSE(MOD(ROW(F38)-ROW($F$3),4)+1, "Предел прочности, МПа", "Предел текучести, МПа", "Относительное удлинение пятикратного образца при растяжении, %", "Относительное сужение поперечного сечения образца при растяжении, %") -> Относительное сужение поперечного сечения образца при растяжении, % | G38: 55 | H38: 50 | I38: 50 | J38: 46 | K38: 44 | L38: 44 | M38: 44 | N38: 46 | O38: - | P38: - | Q38: - | R38: - | S38: -
A39: Сталь углеродистая | B39: =IF(NOT(ISBLANK(A39)),A39,IF(NOT(ISBLANK(E39)),INDEX(B:B,ROW(B39)-4),"")) -> Сталь углеродистая | C39: 15 | D39: =IF(NOT(ISBLANK(C39)),C39,IF(NOT(ISBLANK(E39)),INDEX(D:D,ROW(D39)-4),"")) -> 15 | E39: Сортовая горячекатаная сталь толщиной или диаметром до 80 мм | F39: =CHOOSE(MOD(ROW(F39)-ROW($F$3),4)+1, "Предел прочности, МПа", "Предел текучести, МПа", "Относительное удлинение пятикратного образца при растяжении, %", "Относительное сужение поперечного сечения образца при растяжении, %") -> Предел прочности, МПа | G39: 373 | H39: 373 | I39: 363 | J39: 353 | K39: 343 | L39: 333 | M39: 333 | N39: 333 | O39: - | P39: - | Q39: - | R39: - | S39: -
B40: =IF(NOT(ISBLANK(A40)),A40,IF(NOT(ISBLANK(E40)),INDEX(B:B,ROW(B40)-4),"")) | D40: =IF(NOT(ISBLANK(C40)),C40,IF(NOT(ISBLANK(E40)),INDEX(D:D,ROW(D40)-4),"")) | F40: =CHOOSE(MOD(ROW(F40)-ROW($F$3),4)+1, "Предел прочности, МПа", "Предел текучести, МПа", "Относительное удлинение пятикратного образца при растяжении, %", "Относительное сужение поперечного сечения образца при растяжении, %") -> Предел текучести, МПа | G40: 226 | H40: 216 | I40: 216 | J40: 196 | K40: 196 | L40: 196 | M40: 196 | N40: 196 | O40: - | P40: - | Q40: - | R40: - | S40: -
B41: =IF(NOT(ISBLANK(A41)),A41,IF(NOT(ISBLANK(E41)),INDEX(B:B,ROW(B41)-4),"")) | D41: =IF(NOT(ISBLANK(C41)),C41,IF(NOT(ISBLANK(E41)),INDEX(D:D,ROW(D41)-4),"")) | F41: =CHOOSE(MOD(ROW(F41)-ROW($F$3),4)+1, "Предел прочности, МПа", "Предел текучести, МПа", "Относительное удлинение пятикратного образца при растяжении, %", "Относительное сужение поперечного сечения образца при растяжении, %") -> Относительное удлинение пятикратного образца при растяжении, % | G41: 27 | H41: 26 | I41: 25 | J41: 25 | K41: 24 | L41: 23 | M41: 23 | N41: 23 | O41: - | P41: - | Q41: - | R41: - | S41: -
B42: =IF(NOT(ISBLANK(A42)),A42,IF(NOT(ISBLANK(E42)),INDEX(B:B,ROW(B42)-4),"")) | D42: =IF(NOT(ISBLANK(C42)),C42,IF(NOT(ISBLANK(E42)),INDEX(D:D,ROW(D42)-4),"")) | F42: =CHOOSE(MOD(ROW(F42)-ROW($F$3),4)+1, "Предел прочности, МПа", "Предел текучести, МПа", "Относительное удлинение пятикратного образца при растяжении, %", "Относительное сужение поперечного сечения образца при растяжении, %") -> Относительное сужение поперечного сечения образца при растяжении, % | G42: 55 | H42: 51 | I42: 47 | J42: 43 | K42: 39 | L42: 38 | M42: 38 | N42: 38 | O42: - | P42: - | Q42: - | R42: - | S42: -
B43: =IF(NOT(ISBLANK(A43)),A43,IF(NOT(ISBLANK(E43)),INDEX(B:B,ROW(B43)-4),"")) -> Сталь углеродистая | D43: =IF(NOT(ISBLANK(C43)),C43,IF(NOT(ISBLANK(E43)),INDEX(D:D,ROW(D43)-4),"")) -> 15 | E43: Поковки диаметром до 300 мм, КП175* | F43: =CHOOSE(MOD(ROW(F43)-ROW($F$3),4)+1, "Предел прочности, МПа", "Предел текучести, МПа", "Относительное удлинение пятикратного образца при растяжении, %", "Относительное сужение поперечного сечения образца при растяжении, %") -> Предел прочности, МПа | G43: 355 | H43: 343 | I43: 333 | J43: 324 | K43: 314 | L43: 294 | M43: 294 | N43: 294 | O43: - | P43: - | Q43: - | R43: - | S43: -
B44: =IF(NOT(ISBLANK(A44)),A44,IF(NOT(ISBLANK(E44)),INDEX(B:B,ROW(B44)-4),"")) | D44: =IF(NOT(ISBLANK(C44)),C44,IF(NOT(ISBLANK(E44)),INDEX(D:D,ROW(D44)-4),"")) | F44: =CHOOSE(MOD(ROW(F44)-ROW($F$3),4)+1, "Предел прочности, МПа", "Предел текучести, МПа", "Относительное удлинение пятикратного образца при растяжении, %", "Относительное сужение поперечного сечения образца при растяжении, %") -> Предел текучести, МПа | G44: 175 | H44: 167 | I44: 157 | J44: 147 | K44: 147 | L44: 128 | M44: 118 | N44: 118 | O44: - | P44: - | Q44: - | R44: - | S44: -
B45: =IF(NOT(ISBLANK(A45)),A45,IF(NOT(ISBLANK(E45)),INDEX(B:B,ROW(B45)-4),"")) | D45: =IF(NOT(ISBLANK(C45)),C45,IF(NOT(ISBLANK(E45)),INDEX(D:D,ROW(D45)-4),"")) | F45: =CHOOSE(MOD(ROW(F45)-ROW($F$3),4)+1, "Предел прочности, МПа", "Предел текучести, МПа", "Относительное удлинение пятикратного образца при растяжении, %", "Относительное сужение поперечного сечения образца при растяжении, %") -> Относительное удлинение пятикратного образца при растяжении, % | G45: 20 | H45: 19 | I45: 18 | J45: 16 | K45: 14 | L45: 14 | M45: 14 | N45: 14 | O45: - | P45: - | Q45: - | R45: - | S45: -
B46: =IF(NOT(ISBLANK(A46)),A46,IF(NOT(ISBLANK(E46)),INDEX(B:B,ROW(B46)-4),"")) | D46: =IF(NOT(ISBLANK(C46)),C46,IF(NOT(ISBLANK(E46)),INDEX(D:D,ROW(D46)-4),"")) | F46: =CHOOSE(MOD(ROW(F46)-ROW($F$3),4)+1, "Предел прочности, МПа", "Предел текучести, МПа", "Относительное удлинение пятикратного образца при растяжении, %", "Относительное сужение поперечного сечения образца при растяжении, %") -> Относительное сужение поперечного сечения образца при растяжении, % | G46: 40 | H46: 40 | I46: 40 | J46: 40 | K46: 40 | L46: 40 | M46: 40 | N46: 40 | O46: - | P46: - | Q46: - | R46: - | S46: -
B47: =IF(NOT(ISBLANK(A47)),A47,IF(NOT(ISBLANK(E47)),INDEX(B:B,ROW(B47)-4),"")) -> Сталь углеродистая | D47: =IF(NOT(ISBLANK(C47)),C47,IF(NOT(ISBLANK(E47)),INDEX(D:D,ROW(D47)-4),"")) -> 15 | E47: Поковки диаметром до 100 мм, КП195* | F47: =CHOOSE(MOD(ROW(F47)-ROW($F$3),4)+1, "Предел прочности, МПа", "Предел текучести, МПа", "Относительное удлинение пятикратного образца при растяжении, %", "Относительное сужение поперечного сечения образца при растяжении, %") -> Предел прочности, МПа | G47: 390 | H47: 383 | I47: 373 | J47: 363 | K47: 353 | L47: 343 | M47: 333 | N47: 324 | O47: - | P47: - | Q47: - | R47: - | S47: -
B48: =IF(NOT(ISBLANK(A48)),A48,IF(NOT(ISBLANK(E48)),INDEX(B:B,ROW(B48)-4),"")) | D48: =IF(NOT(ISBLANK(C48)),C48,IF(NOT(ISBLANK(E48)),INDEX(D:D,ROW(D48)-4),"")) | F48: =CHOOSE(MOD(ROW(F48)-ROW($F$3),4)+1, "Предел прочности, МПа", "Предел текучести, МПа", "Относительное удлинение пятикратного образца при растяжении, %", "Относительное сужение поперечного сечения образца при растяжении, %") -> Предел текучести, МПа | G48: 195 | H48: 195 | I48: 177 | J48: 167 | K48: 167 | L48: 147 | M48: 128 | N48: 128 | O48: - | P48: - | Q48: - | R48: - | S48: -
B49: =IF(NOT(ISBLANK(A49)),A49,IF(NOT(ISBLANK(E49)),INDEX(B:B,ROW(B49)-4),"")) | D49: =IF(NOT(ISBLANK(C49)),C49,IF(NOT(ISBLANK(E49)),INDEX(D:D,ROW(D49)-4),"")) | F49: =CHOOSE(MOD(ROW(F49)-ROW($F$3),4)+1, "Предел прочности, МПа", "Предел текучести, МПа", "Относительное удлинение пятикратного образца при растяжении, %", "Относительное сужение поперечного сечения образца при растяжении, %") -> Относительное удлинение пятикратного образца при растяжении, % | G49: 18 | H49: 17 | I49: 16 | J49: 16 | K49: 14 | L49: 14 | M49: 14 | N49: 14 | O49: - | P49: - | Q49: - | R49: - | S49: -
B50: =IF(NOT(ISBLANK(A50)),A50,IF(NOT(ISBLANK(E50)),INDEX(B:B,ROW(B50)-4),"")) | D50: =IF(NOT(ISBLANK(C50)),C50,IF(NOT(ISBLANK(E50)),INDEX(D:D,ROW(D50)-4),"")) | F50: =CHOOSE(MOD(ROW(F50)-ROW($F$3),4)+1, "Предел прочности, МПа", "Предел текучести, МПа", "Относительное удлинение пятикратного образца при растяжении, %", "Относительное сужение поперечного сечения образца при растяжении, %") -> Относительное сужение поперечного сечения образца при растяжении, % | G50: 38 | H50: 38 | I50: 38 | J50: 38 | K50: 36 | L50: 36 | M50: 35 | N50: 35 | O50: - | P50: - | Q50: - | R50: - | S50: -
B51: =IF(NOT(ISBLANK(A51)),A51,IF(NOT(ISBLANK(E51)),INDEX(B:B,ROW(B51)-4),"")) -> Сталь углеродистая | D51: =IF(NOT(ISBLANK(C51)),C51,IF(NOT(ISBLANK(E51)),INDEX(D:D,ROW(D51)-4),"")) -> 15 | E51: Поковки диаметром до 50 мм, КП215* | F51: =CHOOSE(MOD(ROW(F51)-ROW($F$3),4)+1, "Предел прочности, МПа", "Предел текучести, МПа", "Относительное удлинение пятикратного образца при растяжении, %", "Относительное сужение поперечного сечения образца при растяжении, %") -> Предел прочности, МПа | G51: 430 | H51: 422 | I51: 402 | J51: 392 | K51: 383 | L51: 363 | M51: 363 | N51: 363 | O51: - | P51: - | Q51: - | R51: - | S51: -
B52: =IF(NOT(ISBLANK(A52)),A52,IF(NOT(ISBLANK(E52)),INDEX(B:B,ROW(B52)-4),"")) | D52: =IF(NOT(ISBLANK(C52)),C52,IF(NOT(ISBLANK(E52)),INDEX(D:D,ROW(D52)-4),"")) | F52: =CHOOSE(MOD(ROW(F52)-ROW($F$3),4)+1, "Предел прочности, МПа", "Предел текучести, МПа", "Относительное удлинение пятикратного образца при растяжении, %", "Относительное сужение поперечного сечения образца при растяжении, %") -> Предел текучести, МПа | G52: 215 | H52: 206 | I52: 186 | J52: 177 | K52: 177 | L52: 157 | M52: 147 | N52: 147 | O52: - | P52: - | Q52: - | R52: - | S52: -
B53: =IF(NOT(ISBLANK(A53)),A53,IF(NOT(ISBLANK(E53)),INDEX(B:B,ROW(B53)-4),"")) | D53: =IF(NOT(ISBLANK(C53)),C53,IF(NOT(ISBLANK(E53)),INDEX(D:D,ROW(D53)-4),"")) | F53: =CHOOSE(MOD(ROW(F53)-ROW($F$3),4)+1, "Предел прочности, МПа", "Предел текучести, МПа", "Относительное удлинение пятикратного образца при растяжении, %", "Относительное сужение поперечного сечения образца при растяжении, %") -> Относительное удлинение пятикратного образца при растяжении, % | G53: 24 | H53: 21 | I53: 18 | J53: 16 | K53: 14 | L53: 14 | M53: 14 | N53: 14 | O53: - | P53: - | Q53: - | R53: - | S53: -
B54: =IF(NOT(ISBLANK(A54)),A54,IF(NOT(ISBLANK(E54)),INDEX(B:B,ROW(B54)-4),"")) | D54: =IF(NOT(ISBLANK(C54)),C54,IF(NOT(ISBLANK(E54)),INDEX(D:D,ROW(D54)-4),"")) | F54: =CHOOSE(MOD(ROW(F54)-ROW($F$3),4)+1, "Предел прочности, МПа", "Предел текучести, МПа", "Относительное удлинение пятикратного образца при растяжении, %", "Относительное сужение поперечного сечения образца при растяжении, %") -> Относительное сужение поперечного сечения образца при растяжении, % | G54: 53 | H54: 47 | I54: 44 | J54: 42 | K54: 40 | L54: 40 | M54: 40 | N54: 40 | O54: - | P54: - | Q54: - | R54: - | S54: -
A55: Сталь углеродистая | B55: =IF(NOT(ISBLANK(A55)),A55,IF(NOT(ISBLANK(E55)),INDEX(B:B,ROW(B55)-4),"")) -> Сталь углеродистая | C55: 15Л | D55: =IF(NOT(ISBLANK(C55)),C55,IF(NOT(ISBLANK(E55)),INDEX(D:D,ROW(D55)-4),"")) -> 15Л | E55: Отливки с толщиной стенки до 100 мм | F55: =CHOOSE(MOD(ROW(F55)-ROW($F$3),4)+1, "Предел прочности, МПа", "Предел текучести, МПа", "Относительное удлинение пятикратного образца при растяжении, %", "Относительное сужение поперечного сечения образца при растяжении, %") -> Предел прочности, МПа | G55: 392 | H55: 392 | I55: 373 | J55: 363 | K55: 363 | L55: 353 | M55: 343 | N55: 333 | O55: - | P55: - | Q55: - | R55: - | S55: -
B56: =IF(NOT(ISBLANK(A56)),A56,IF(NOT(ISBLANK(E56)),INDEX(B:B,ROW(B56)-4),"")) | D56: =IF(NOT(ISBLANK(C56)),C56,IF(NOT(ISBLANK(E56)),INDEX(D:D,ROW(D56)-4),"")) | F56: =CHOOSE(MOD(ROW(F56)-ROW($F$3),4)+1, "Предел прочности, МПа", "Предел текучести, МПа", "Относительное удлинение пятикратного образца при растяжении, %", "Относительное сужение поперечного сечения образца при растяжении, %") -> Предел текучести, МПа | G56: 196 | H56: 196 | I56: 196 | J56: 177 | K56: 157 | L56: 147 | M56: 138 | N56: 118 | O56: - | P56: - | Q56: - | R56: - | S56: -
B57: =IF(NOT(ISBLANK(A57)),A57,IF(NOT(ISBLANK(E57)),INDEX(B:B,ROW(B57)-4),"")) | D57: =IF(NOT(ISBLANK(C57)),C57,IF(NOT(ISBLANK(E57)),INDEX(D:D,ROW(D57)-4),"")) | F57: =CHOOSE(MOD(ROW(F57)-ROW($F$3),4)+1, "Предел прочности, МПа", "Предел текучести, МПа", "Относительное удлинение пятикратного образца при растяжении, %", "Относительное сужение поперечного сечения образца при растяжении, %") -> Относительное удлинение пятикратного образца при растяжении, % | G57: 24 | H57: 23 | I57: 23 | J57: 23 | K57: 22 | L57: 21 | M57: 21 | N57: 21 | O57: - | P57: - | Q57: - | R57: - | S57: -
B58: =IF(NOT(ISBLANK(A58)),A58,IF(NOT(ISBLANK(E58)),INDEX(B:B,ROW(B58)-4),"")) | D58: =IF(NOT(ISBLANK(C58)),C58,IF(NOT(ISBLANK(E58)),INDEX(D:D,ROW(D58)-4),"")) | F58: =CHOOSE(MOD(ROW(F58)-ROW($F$3),4)+1, "Предел прочности, МПа", "Предел текучести, МПа", "Относительное удлинение пятикратного образца при растяжении, %", "Относительное сужение поперечного сечения образца при растяжении, %") -> Относительное сужение поперечного сечения образца при растяжении, % | G58: 35 | H58: 35 | I58: 35 | J58: 34 | K58: 34 | L58: 33 | M58: 32 | N58: 30 | O58: - | P58: - | Q58: - | R58: - | S58: -
A59: Сталь углеродистая | B59: =IF(NOT(ISBLANK(A59)),A59,IF(NOT(ISBLANK(E59)),INDEX(B:B,ROW(B59)-4),"")) -> Сталь углеродистая | C59: 20 | D59: =IF(NOT(ISBLANK(C59)),C59,IF(NOT(ISBLANK(E59)),INDEX(D:D,ROW(D59)-4),"")) -> 20 | E59: Поковки диаметром до 300 мм, КП175* | F59: =CHOOSE(MOD(ROW(F59)-ROW($F$3),4)+1, "Предел прочности, МПа", "Предел текучести, МПа", "Относительное удлинение пятикратного образца при растяжении, %", "Относительное сужение поперечного сечения образца при растяжении, %") -> Предел прочности, МПа | G59: 355 | H59: 343 | I59: 333 | J59: 323 | K59: 323 | L59: 294 | M59: 294 | N59: 294 | O59: - | P59: - | Q59: - | R59: - | S59: -
B60: =IF(NOT(ISBLANK(A60)),A60,IF(NOT(ISBLANK(E60)),INDEX(B:B,ROW(B60)-4),"")) | D60: =IF(NOT(ISBLANK(C60)),C60,IF(NOT(ISBLANK(E60)),INDEX(D:D,ROW(D60)-4),"")) | F60: =CHOOSE(MOD(ROW(F60)-ROW($F$3),4)+1, "Предел прочности, МПа", "Предел текучести, МПа", "Относительное удлинение пятикратного образца при растяжении, %", "Относительное сужение поперечного сечения образца при растяжении, %") -> Предел текучести, МПа | G60: 175 | H60: 167 | I60: 167 | J60: 167 | K60: 167 | L60: 157 | M60: 147 | N60: 128 | O60: - | P60: - | Q60: - | R60: - | S60: -
B61: =IF(NOT(ISBLANK(A61)),A61,IF(NOT(ISBLANK(E61)),INDEX(B:B,ROW(B61)-4),"")) | D61: =IF(NOT(ISBLANK(C61)),C61,IF(NOT(ISBLANK(E61)),INDEX(D:D,ROW(D61)-4),"")) | F61: =CHOOSE(MOD(ROW(F61)-ROW($F$3),4)+1, "Предел прочности, МПа", "Предел текучести, МПа", "Относительное удлинение пятикратного образца при растяжении, %", "Относительное сужение поперечного сечения образца при растяжении, %") -> Относительное удлинение пятикратного образца при растяжении, % | G61: 20 | H61: 20 | I61: 20 | J61: 18 | K61: 17 | L61: 17 | M61: 17 | N61: 17 | O61: - | P61: - | Q61: - | R61: - | S61: -
B62: =IF(NOT(ISBLANK(A62)),A62,IF(NOT(ISBLANK(E62)),INDEX(B:B,ROW(B62)-4),"")) | D62: =IF(NOT(ISBLANK(C62)),C62,IF(NOT(ISBLANK(E62)),INDEX(D:D,ROW(D62)-4),"")) | F62: =CHOOSE(MOD(ROW(F62)-ROW($F$3),4)+1, "Предел прочности, МПа", "Предел текучести, МПа", "Относительное удлинение пятикратного образца при растяжении, %", "Относительное сужение поперечного сечения образца при растяжении, %") -> Относительное сужение поперечного сечения образца при растяжении, % | G62: 40 | H62: 40 | I62: 40 | J62: 40 | K62: 40 | L62: 40 | M62: 40 | N62: 40 | O62: - | P62: - | Q62: - | R62: - | S62: -
B63: =IF(NOT(ISBLANK(A63)),A63,IF(NOT(ISBLANK(E63)),INDEX(B:B,ROW(B63)-4),"")) -> Сталь углеродистая | D63: =IF(NOT(ISBLANK(C63)),C63,IF(NOT(ISBLANK(E63)),INDEX(D:D,ROW(D63)-4),"")) -> 20 | E63: Поковки диаметром до 300 мм, КП195* | F63: =CHOOSE(MOD(ROW(F63)-ROW($F$3),4)+1, "Предел прочности, МПа", "Предел текучести, МПа", "Относительное удлинение пятикратного образца при растяжении, %", "Относительное сужение поперечного сечения образца при растяжении, %") -> Предел прочности, МПа | G63: 390 | H63: 390 | I63: 373 | J63: 363 | K63: 363 | L63: 343 | M63: 333 | N63: 323 | O63: - | P63: - | Q63: - | R63: - | S63: -
B64: =IF(NOT(ISBLANK(A64)),A64,IF(NOT(ISBLANK(E64)),INDEX(B:B,ROW(B64)-4),"")) | D64: =IF(NOT(ISBLANK(C64)),C64,IF(NOT(ISBLANK(E64)),INDEX(D:D,ROW(D64)-4),"")) | F64: =CHOOSE(MOD(ROW(F64)-ROW($F$3),4)+1, "Предел прочности, МПа", "Предел текучести, МПа", "Относительное удлинение пятикратного образца при растяжении, %", "Относительное сужение поперечного сечения образца при растяжении, %") -> Предел текучести, МПа | G64: 195 | H64: 195 | I64: 195 | J64: 195 | K64: 195 | L64: 177 | M64: 157 | N64: 137 | O64: - | P64: - | Q64: - | R64: - | S64: -
B65: =IF(NOT(ISBLANK(A65)),A65,IF(NOT(ISBLANK(E65)),INDEX(B:B,ROW(B65)-4),"")) | D65: =IF(NOT(ISBLANK(C65)),C65,IF(NOT(ISBLANK(E65)),INDEX(D:D,ROW(D65)-4),"")) | F65: =CHOOSE(MOD(ROW(F65)-ROW($F$3),4)+1, "Предел прочности, МПа", "Предел текучести, МПа", "Относительное удлинение пятикратного образца при растяжении, %", "Относительное сужение поперечного сечения образца при растяжении, %") -> Относительное удлинение пятикратного образца при растяжении, % | G65: 20 | H65: 20 | I65: 20 | J65: 18 | K65: 17 | L65: 17 | M65: 17 | N65: 17 | O65: - | P65: - | Q65: - | R65: - | S65: -
B66: =IF(NOT(ISBLANK(A66)),A66,IF(NOT(ISBLANK(E66)),INDEX(B:B,ROW(B66)-4),"")) | D66: =IF(NOT(ISBLANK(C66)),C66,IF(NOT(ISBLANK(E66)),INDEX(D:D,ROW(D66)-4),"")) | F66: =CHOOSE(MOD(ROW(F66)-ROW($F$3),4)+1, "Предел прочности, МПа", "Предел текучести, МПа", "Относительное удлинение пятикратного образца при растяжении, %", "Относительное сужение поперечного сечения образца при растяжении, %") -> Относительное сужение поперечного сечения образца при растяжении, % | G66: 40 | H66: 40 | I66: 40 | J66: 40 | K66: 40 | L66: 40 | M66: 40 | N66: 40 | O66: - | P66: - | Q66: - | R66: - | S66: -
B67: =IF(NOT(ISBLANK(A67)),A67,IF(NOT(ISBLANK(E67)),INDEX(B:B,ROW(B67)-4),"")) -> Сталь углеродистая | D67: =IF(NOT(ISBLANK(C67)),C67,IF(NOT(ISBLANK(E67)),INDEX(D:D,ROW(D67)-4),"")) -> 20 | E67: Поковки диаметром до 300 мм, КП215* | F67: =CHOOSE(MOD(ROW(F67)-ROW($F$3),4)+1, "Предел прочности, МПа", "Предел текучести, МПа", "Относительное удлинение пятикратного образца при растяжении, %", "Относительное сужение поперечного сечения образца при растяжении, %") -> Предел прочности, МПа | G67: 430 | H67: 422 | I67: 422 | J67: 412 | K67: 402 | L67: 402 | M67: 392 | N67: 373 | O67: - | P67: - | Q67: - | R67: - | S67: -
B68: =IF(NOT(ISBLANK(A68)),A68,IF(NOT(ISBLANK(E68)),INDEX(B:B,ROW(B68)-4),"")) | D68: =IF(NOT(ISBLANK(C68)),C68,IF(NOT(ISBLANK(E68)),INDEX(D:D,ROW(D68)-4),"")) | F68: =CHOOSE(MOD(ROW(F68)-ROW($F$3),4)+1, "Предел прочности, МПа", "Предел текучести, МПа", "Относительное удлинение пятикратного образца при растяжении, %", "Относительное сужение поперечного сечения образца при растяжении, %") -> Предел текучести, МПа | G68: 215 | H68: 206 | I68: 206 | J68: 206 | K68: 196 | L68: 196 | M68: 177 | N68: 157 | O68: - | P68: - | Q68: - | R68: - | S68: -
B69: =IF(NOT(ISBLANK(A69)),A69,IF(NOT(ISBLANK(E69)),INDEX(B:B,ROW(B69)-4),"")) | D69: =IF(NOT(ISBLANK(C69)),C69,IF(NOT(ISBLANK(E69)),INDEX(D:D,ROW(D69)-4),"")) | F69: =CHOOSE(MOD(ROW(F69)-ROW($F$3),4)+1, "Предел прочности, МПа", "Предел текучести, МПа", "Относительное удлинение пятикратного образца при растяжении, %", "Относительное сужение поперечного сечения образца при растяжении, %") -> Относительное удлинение пятикратного образца при растяжении, % | G69: 20 | H69: 19 | I69: 19 | J69: 18 | K69: 17 | L69: 17 | M69: 17 | N69: 17 | O69: - | P69: - | Q69: - | R69: - | S69: -
B70: =IF(NOT(ISBLANK(A70)),A70,IF(NOT(ISBLANK(E70)),INDEX(B:B,ROW(B70)-4),"")) | D70: =IF(NOT(ISBLANK(C70)),C70,IF(NOT(ISBLANK(E70)),INDEX(D:D,ROW(D70)-4),"")) | F70: =CHOOSE(MOD(ROW(F70)-ROW($F$3),4)+1, "Предел прочности, МПа", "Предел текучести, МПа", "Относительное удлинение пятикратного образца при растяжении, %", "Относительное сужение поперечного сечения образца при растяжении, %") -> Относительное сужение поперечного сечения образца при растяжении, % | G70: 40 | H70: 40 | I70: 40 | J70: 40 | K70: 40 | L70: 40 | M70: 40 | N70: 40 | O70: - | P70: - | Q70: - | R70: - | S70: -
B71: =IF(NOT(ISBLANK(A71)),A71,IF(NOT(ISBLANK(E71)),INDEX(B:B,ROW(B71)-4),"")) -> Сталь углеродистая | D71: =IF(NOT(ISBLANK(C71)),C71,IF(NOT(ISBLANK(E71)),INDEX(D:D,ROW(D71)-4),"")) -> 20 | E71: Поковки диаметром от 100 до 300 мм, КП245* | F71: =CHOOSE(MOD(ROW(F71)-ROW($F$3),4)+1, "Предел прочности, МПа", "Предел текучести, МПа", "Относительное удлинение пятикратного образца при растяжении, %", "Относительное сужение поперечного сечения образца при растяжении, %") -> Предел прочности, МПа | G71: 470 | H71: 461 | I71: 461 | J71: 451 | K71: 441 | L71: 441 | M71: 432 | N71: 422 | O71: - | P71: - | Q71: - | R71: - | S71: -
B72: =IF(NOT(ISBLANK(A72)),A72,IF(NOT(ISBLANK(E72)),INDEX(B:B,ROW(B72)-4),"")) | D72: =IF(NOT(ISBLANK(C72)),C72,IF(NOT(ISBLANK(E72)),INDEX(D:D,ROW(D72)-4),"")) | F72: =CHOOSE(MOD(ROW(F72)-ROW($F$3),4)+1, "Предел прочности, МПа", "Предел текучести, МПа", "Относительное удлинение пятикратного образца при растяжении, %", "Относительное сужение поперечного сечения образца при растяжении, %") -> Предел текучести, МПа | G72: 245 | H72: 235 | I72: 235 | J72: 235 | K72: 226 | L72: 226 | M72: 196 | N72: 177 | O72: - | P72: - | Q72: - | R72: - | S72: -
B73: =IF(NOT(ISBLANK(A73)),A73,IF(NOT(ISBLANK(E73)),INDEX(B:B,ROW(B73)-4),"")) | D73: =IF(NOT(ISBLANK(C73)),C73,IF(NOT(ISBLANK(E73)),INDEX(D:D,ROW(D73)-4),"")) | F73: =CHOOSE(MOD(ROW(F73)-ROW($F$3),4)+1, "Предел прочности, МПа", "Предел текучести, МПа", "Относительное удлинение пятикратного образца при растяжении, %", "Относительное сужение поперечного сечения образца при растяжении, %") -> Относительное удлинение пятикратного образца при растяжении, % | G73: 19 | H73: 18 | I73: 18 | J73: 17 | K73: 16 | L73: 16 | M73: 16 | N73: 16 | O73: - | P73: - | Q73: - | R73: - | S73: -
B74: =IF(NOT(ISBLANK(A74)),A74,IF(NOT(ISBLANK(E74)),INDEX(B:B,ROW(B74)-4),"")) | D74: =IF(NOT(ISBLANK(C74)),C74,IF(NOT(ISBLANK(E74)),INDEX(D:D,ROW(D74)-4),"")) | F74: =CHOOSE(MOD(ROW(F74)-ROW($F$3),4)+1, "Предел прочности, МПа", "Предел текучести, МПа", "Относительное удлинение пятикратного образца при растяжении, %", "Относительное сужение поперечного сечения образца при растяжении, %") -> Относительное сужение поперечного сечения образца при растяжении, % | G74: 40 | H74: 40 | I74: 40 | J74: 40 | K74: 40 | L74: 40 | M74: 40 | N74: 40 | O74: - | P74: - | Q74: - | R74: - | S74: -
B75: =IF(NOT(ISBLANK(A75)),A75,IF(NOT(ISBLANK(E75)),INDEX(B:B,ROW(B75)-4),"")) -> Сталь углеродистая | D75: =IF(NOT(ISBLANK(C75)),C75,IF(NOT(ISBLANK(E75)),INDEX(D:D,ROW(D75)-4),"")) -> 20 | E75: Горячекатаная сталь толщиной или диаметром до 80 мм | F75: =CHOOSE(MOD(ROW(F75)-ROW($F$3),4)+1, "Предел прочности, МПа", "Предел текучести, МПа", "Относительное удлинение пятикратного образца при растяжении, %", "Относительное сужение поперечного сечения образца при растяжении, %") -> Предел прочности, МПа | G75: 402 | H75: 392 | I75: 392 | J75: 392 | K75: 373 | L75: 373 | M75: 363 | N75: 353 | O75: - | P75: - | Q75: - | R75: - | S75: -
B76: =IF(NOT(ISBLANK(A76)),A76,IF(NOT(ISBLANK(E76)),INDEX(B:B,ROW(B76)-4),"")) | D76: =IF(NOT(ISBLANK(C76)),C76,IF(NOT(ISBLANK(E76)),INDEX(D:D,ROW(D76)-4),"")) | F76: =CHOOSE(MOD(ROW(F76)-ROW($F$3),4)+1, "Предел прочности, МПа", "Предел текучести, МПа", "Относительное удлинение пятикратного образца при растяжении, %", "Относительное сужение поперечного сечения образца при растяжении, %") -> Предел текучести, МПа | G76: 216 | H76: 206 | I76: 206 | J76: 206 | K76: 196 | L76: 196 | M76: 177 | N76: 157 | O76: - | P76: - | Q76: - | R76: - | S76: -
B77: =IF(NOT(ISBLANK(A77)),A77,IF(NOT(ISBLANK(E77)),INDEX(B:B,ROW(B77)-4),"")) | D77: =IF(NOT(ISBLANK(C77)),C77,IF(NOT(ISBLANK(E77)),INDEX(D:D,ROW(D77)-4),"")) | F77: =CHOOSE(MOD(ROW(F77)-ROW($F$3),4)+1, "Предел прочности, МПа", "Предел текучести, МПа", "Относительное удлинение пятикратного образца при растяжении, %", "Относительное сужение поперечного сечения образца при растяжении, %") -> Относительное удлинение пятикратного образца при растяжении, % | G77: 21 | H77: 20 | I77: 19 | J77: 18 | K77: 17 | L77: 17 | M77: 17 | N77: 17 | O77: - | P77: - | Q77: - | R77: - | S77: -
B78: =IF(NOT(ISBLANK(A78)),A78,IF(NOT(ISBLANK(E78)),INDEX(B:B,ROW(B78)-4),"")) | D78: =IF(NOT(ISBLANK(C78)),C78,IF(NOT(ISBLANK(E78)),INDEX(D:D,ROW(D78)-4),"")) | F78: =CHOOSE(MOD(ROW(F78)-ROW($F$3),4)+1, "Предел прочности, МПа", "Предел текучести, МПа", "Относительное удлинение пятикратного образца при растяжении, %", "Относительное сужение поперечного сечения образца при растяжении, %") -> Относительное сужение поперечного сечения образца при растяжении, % | G78: 40 | H78: 40 | I78: 38 | J78: 38 | K78: 38 | L78: 38 | M78: 40 | N78: 42 | O78: - | P78: - | Q78: - | R78: - | S78: -
B79: =IF(NOT(ISBLANK(A79)),A79,IF(NOT(ISBLANK(E79)),INDEX(B:B,ROW(B79)-4),"")) -> Сталь углеродистая | D79: =IF(NOT(ISBLANK(C79)),C79,IF(NOT(ISBLANK(E79)),INDEX(D:D,ROW(D79)-4),"")) -> 20 | E79: Трубы горячедеформированные наружным диаметром от 10 до 465 мм с толщиной стенки от 2 до 60 мм | F79: =CHOOSE(MOD(ROW(F79)-ROW($F$3),4)+1, "Предел прочности, МПа", "Предел текучести, МПа", "Относительное удлинение пятикратного образца при растяжении, %", "Относительное сужение поперечного сечения образца при растяжении, %") -> Предел прочности, МПа | G79: 402 | H79: 392 | I79: 392 | J79: 392 | K79: 373 | L79: 373 | M79: 363 | N79: 353 | O79: - | P79: - | Q79: - | R79: - | S79: -
B80: =IF(NOT(ISBLANK(A80)),A80,IF(NOT(ISBLANK(E80)),INDEX(B:B,ROW(B80)-4),"")) | D80: =IF(NOT(ISBLANK(C80)),C80,IF(NOT(ISBLANK(E80)),INDEX(D:D,ROW(D80)-4),"")) | F80: =CHOOSE(MOD(ROW(F80)-ROW($F$3),4)+1, "Предел прочности, МПа", "Предел текучести, МПа", "Относительное удлинение пятикратного образца при растяжении, %", "Относительное сужение поперечного сечения образца при растяжении, %") -> Предел текучести, МПа | G80: 216 | H80: 206 | I80: 206 | J80: 206 | K80: 196 | L80: 196 | M80: 177 | N80: 157 | O80: - | P80: - | Q80: - | R80: - | S80: -
B81: =IF(NOT(ISBLANK(A81)),A81,IF(NOT(ISBLANK(E81)),INDEX(B:B,ROW(B81)-4),"")) | D81: =IF(NOT(ISBLANK(C81)),C81,IF(NOT(ISBLANK(E81)),INDEX(D:D,ROW(D81)-4),"")) | F81: =CHOOSE(MOD(ROW(F81)-ROW($F$3),4)+1, "Предел прочности, МПа", "Предел текучести, МПа", "Относительное удлинение пятикратного образца при растяжении, %", "Относительное сужение поперечного сечения образца при растяжении, %") -> Относительное удлинение пятикратного образца при растяжении, % | G81: 21 | H81: 20 | I81: 19 | J81: 18 | K81: 17 | L81: 17 | M81: 17 | N81: 17 | O81: - | P81: - | Q81: - | R81: - | S81: -
B82: =IF(NOT(ISBLANK(A82)),A82,IF(NOT(ISBLANK(E82)),INDEX(B:B,ROW(B82)-4),"")) | D82: =IF(NOT(ISBLANK(C82)),C82,IF(NOT(ISBLANK(E82)),INDEX(D:D,ROW(D82)-4),"")) | F82: =CHOOSE(MOD(ROW(F82)-ROW($F$3),4)+1, "Предел прочности, МПа", "Предел текучести, МПа", "Относительное удлинение пятикратного образца при растяжении, %", "Относительное сужение поперечного сечения образца при растяжении, %") -> Относительное сужение поперечного сечения образца при растяжении, % | G82: 40 | H82: 40 | I82: 38 | J82: 38 | K82: 38 | L82: 38 | M82: 40 | N82: 42 | O82: - | P82: - | Q82: - | R82: - | S82: -
B83: =IF(NOT(ISBLANK(A83)),A83,IF(NOT(ISBLANK(E83)),INDEX(B:B,ROW(B83)-4),"")) -> Сталь углеродистая | D83: =IF(NOT(ISBLANK(C83)),C83,IF(NOT(ISBLANK(E83)),INDEX(D:D,ROW(D83)-4),"")) -> 20 | E83: Отожженные, высокоотпущенные листы толщиной от 4 до 80 мм | F83: =CHOOSE(MOD(ROW(F83)-ROW($F$3),4)+1, "Предел прочности, МПа", "Предел текучести, МПа", "Относительное удлинение пятикратного образца при растяжении, %", "Относительное сужение поперечного сечения образца при растяжении, %") -> Предел прочности, МПа | G83: 373 | H83: 363 | I83: 353 | J83: 343 | K83: 343 | L83: 333 | M83: 333 | N83: 323 | O83: - | P83: - | Q83: - | R83: - | S83: -
B84: =IF(NOT(ISBLANK(A84)),A84,IF(NOT(ISBLANK(E84)),INDEX(B:B,ROW(B84)-4),"")) | D84: =IF(NOT(ISBLANK(C84)),C84,IF(NOT(ISBLANK(E84)),INDEX(D:D,ROW(D84)-4),"")) | F84: =CHOOSE(MOD(ROW(F84)-ROW($F$3),4)+1, "Предел прочности, МПа", "Предел текучести, МПа", "Относительное удлинение пятикратного образца при растяжении, %", "Относительное сужение поперечного сечения образца при растяжении, %") -> Предел текучести, МПа | G84: 216 | H84: 216 | I84: 216 | J84: 206 | K84: 206 | L84: 196 | M84: 176 | N84: 157 | O84: - | P84: - | Q84: - | R84: - | S84: -
B85: =IF(NOT(ISBLANK(A85)),A85,IF(NOT(ISBLANK(E85)),INDEX(B:B,ROW(B85)-4),"")) | D85: =IF(NOT(ISBLANK(C85)),C85,IF(NOT(ISBLANK(E85)),INDEX(D:D,ROW(D85)-4),"")) | F85: =CHOOSE(MOD(ROW(F85)-ROW($F$3),4)+1, "Предел прочности, МПа", "Предел текучести, МПа", "Относительное удлинение пятикратного образца при растяжении, %", "Относительное сужение поперечного сечения образца при растяжении, %") -> Относительное удлинение пятикратного образца при растяжении, % | G85: 28 | H85: 27 | I85: 27 | J85: 25 | K85: 24 | L85: 24 | M85: 24 | N85: 24 | O85: - | P85: - | Q85: - | R85: - | S85: -
B86: =IF(NOT(ISBLANK(A86)),A86,IF(NOT(ISBLANK(E86)),INDEX(B:B,ROW(B86)-4),"")) | D86: =IF(NOT(ISBLANK(C86)),C86,IF(NOT(ISBLANK(E86)),INDEX(D:D,ROW(D86)-4),"")) | F86: =CHOOSE(MOD(ROW(F86)-ROW($F$3),4)+1, "Предел прочности, МПа", "Предел текучести, МПа", "Относительное удлинение пятикратного образца при растяжении, %", "Относительное сужение поперечного сечения образца при растяжении, %") -> Относительное сужение поперечного сечения образца при растяжении, % | G86: 45 | H86: 43 | I86: 43 | J86: 42 | K86: 42 | L86: 42 | M86: 44 | N86: 46 | O86: - | P86: - | Q86: - | R86: - | S86: -
B87: =IF(NOT(ISBLANK(A87)),A87,IF(NOT(ISBLANK(E87)),INDEX(B:B,ROW(B87)-4),"")) -> Сталь углеродистая | D87: =IF(NOT(ISBLANK(C87)),C87,IF(NOT(ISBLANK(E87)),INDEX(D:D,ROW(D87)-4),"")) -> 20 | E87: Листовые заготовки толщиной от 20 до 250 мм | F87: =CHOOSE(MOD(ROW(F87)-ROW($F$3),4)+1, "Предел прочности, МПа", "Предел текучести, МПа", "Относительное удлинение пятикратного образца при растяжении, %", "Относительное сужение поперечного сечения образца при растяжении, %") -> Предел прочности, МПа | G87: 353 | H87: 343 | I87: 334 | J87: 324 | K87: 304 | L87: 294 | M87: 284 | N87: 275 | O87: - | P87: - | Q87: - | R87: - | S87: -
B88: =IF(NOT(ISBLANK(A88)),A88,IF(NOT(ISBLANK(E88)),INDEX(B:B,ROW(B88)-4),"")) | D88: =IF(NOT(ISBLANK(C88)),C88,IF(NOT(ISBLANK(E88)),INDEX(D:D,ROW(D88)-4),"")) | F88: =CHOOSE(MOD(ROW(F88)-ROW($F$3),4)+1, "Предел прочности, МПа", "Предел текучести, МПа", "Относительное удлинение пятикратного образца при растяжении, %", "Относительное сужение поперечного сечения образца при растяжении, %") -> Предел текучести, МПа | G88: 176 | H88: 176 | I88: 176 | J88: 157 | K88: 157 | L88: 147 | M88: 147 | N88: 137 | O88: - | P88: - | Q88: - | R88: - | S88: -
B89: =IF(NOT(ISBLANK(A89)),A89,IF(NOT(ISBLANK(E89)),INDEX(B:B,ROW(B89)-4),"")) | D89: =IF(NOT(ISBLANK(C89)),C89,IF(NOT(ISBLANK(E89)),INDEX(D:D,ROW(D89)-4),"")) | F89: =CHOOSE(MOD(ROW(F89)-ROW($F$3),4)+1, "Предел прочности, МПа", "Предел текучести, МПа", "Относительное удлинение пятикратного образца при растяжении, %", "Относительное сужение поперечного сечения образца при растяжении, %") -> Относительное удлинение пятикратного образца при растяжении, % | G89: 20 | H89: 20 | I89: 20 | J89: 19 | K89: 19 | L89: 19 | M89: 18 | N89: 18 | O89: - | P89: - | Q89: - | R89: - | S89: -
B90: =IF(NOT(ISBLANK(A90)),A90,IF(NOT(ISBLANK(E90)),INDEX(B:B,ROW(B90)-4),"")) | D90: =IF(NOT(ISBLANK(C90)),C90,IF(NOT(ISBLANK(E90)),INDEX(D:D,ROW(D90)-4),"")) | F90: =CHOOSE(MOD(ROW(F90)-ROW($F$3),4)+1, "Предел прочности, МПа", "Предел текучести, МПа", "Относительное удлинение пятикратного образца при растяжении, %", "Относительное сужение поперечного сечения образца при растяжении, %") -> Относительное сужение поперечного сечения образца при растяжении, % | G90: 45 | H90: 45 | I90: 45 | J90: 45 | K90: 45 | L90: 45 | M90: 45 | N90: 45 | O90: - | P90: - | Q90: - | R90: - | S90: -
A91: Сталь углеродистая | B91: =IF(NOT(ISBLANK(A91)),A91,IF(NOT(ISBLANK(E91)),INDEX(B:B,ROW(B91)-4),"")) -> Сталь углеродистая | C91: 20Л | D91: =IF(NOT(ISBLANK(C91)),C91,IF(NOT(ISBLANK(E91)),INDEX(D:D,ROW(D91)-4),"")) -> 20Л | E91: Отливки с толщиной стенки до 100 мм | F91: =CHOOSE(MOD(ROW(F91)-ROW($F$3),4)+1, "Предел прочности, МПа", "Предел текучести, МПа", "Относительное удлинение пятикратного образца при растяжении, %", "Относительное сужение поперечного сечения образца при растяжении, %") -> Предел прочности, МПа | G91: 412 | H91: 412 | I91: 412 | J91: 392 | K91: 370 | L91: 370 | M91: 370 | N91: 360 | O91: - | P91: - | Q91: - | R91: - | S91: -
B92: =IF(NOT(ISBLANK(A92)),A92,IF(NOT(ISBLANK(E92)),INDEX(B:B,ROW(B92)-4),"")) | D92: =IF(NOT(ISBLANK(C92)),C92,IF(NOT(ISBLANK(E92)),INDEX(D:D,ROW(D92)-4),"")) | F92: =CHOOSE(MOD(ROW(F92)-ROW($F$3),4)+1, "Предел прочности, МПа", "Предел текучести, МПа", "Относительное удлинение пятикратного образца при растяжении, %", "Относительное сужение поперечного сечения образца при растяжении, %") -> Предел текучести, МПа | G92: 216 | H92: 216 | I92: 196 | J92: 176 | K92: 170 | L92: 165 | M92: 157 | N92: 137 | O92: - | P92: - | Q92: - | R92: - | S92: -
B93: =IF(NOT(ISBLANK(A93)),A93,IF(NOT(ISBLANK(E93)),INDEX(B:B,ROW(B93)-4),"")) | D93: =IF(NOT(ISBLANK(C93)),C93,IF(NOT(ISBLANK(E93)),INDEX(D:D,ROW(D93)-4),"")) | F93: =CHOOSE(MOD(ROW(F93)-ROW($F$3),4)+1, "Предел прочности, МПа", "Предел текучести, МПа", "Относительное удлинение пятикратного образца при растяжении, %", "Относительное сужение поперечного сечения образца при растяжении, %") -> Относительное удлинение пятикратного образца при растяжении, % | G93: 22 | H93: 21 | I93: 20 | J93: 19 | K93: 18 | L93: 18 | M93: 18 | N93: 18 | O93: - | P93: - | Q93: - | R93: - | S93: -
B94: =IF(NOT(ISBLANK(A94)),A94,IF(NOT(ISBLANK(E94)),INDEX(B:B,ROW(B94)-4),"")) | D94: =IF(NOT(ISBLANK(C94)),C94,IF(NOT(ISBLANK(E94)),INDEX(D:D,ROW(D94)-4),"")) | F94: =CHOOSE(MOD(ROW(F94)-ROW($F$3),4)+1, "Предел прочности, МПа", "Предел текучести, МПа", "Относительное удлинение пятикратного образца при растяжении, %", "Относительное сужение поперечного сечения образца при растяжении, %") -> Относительное сужение поперечного сечения образца при растяжении, % | G94: 35 | H94: 35 | I94: 35 | J94: 35 | K94: 35 | L94: 34 | M94: 33 | N94: 32 | O94: - | P94: - | Q94: - | R94: - | S94: -
A95: Сталь углеродистая | B95: =IF(NOT(ISBLANK(A95)),A95,IF(NOT(ISBLANK(E95)),INDEX(B:B,ROW(B95)-4),"")) -> Сталь углеродистая | C95: 20К | D95: =IF(NOT(ISBLANK(C95)),C95,IF(NOT(ISBLANK(E95)),INDEX(D:D,ROW(D95)-4),"")) -> 20К | E95: Листы толщиной от 4 до 60 мм | F95: =CHOOSE(MOD(ROW(F95)-ROW($F$3),4)+1, "Предел прочности, МПа", "Предел текучести, МПа", "Относительное удлинение пятикратного образца при растяжении, %", "Относительное сужение поперечного сечения образца при растяжении, %") -> Предел прочности, МПа | G95: 402 | H95: 397 | I95: 397 | J95: 392 | K95: 392 | L95: 392 | M95: 373 | N95: 363 | O95: - | P95: - | Q95: - | R95: - | S95: -
B96: =IF(NOT(ISBLANK(A96)),A96,IF(NOT(ISBLANK(E96)),INDEX(B:B,ROW(B96)-4),"")) | D96: =IF(NOT(ISBLANK(C96)),C96,IF(NOT(ISBLANK(E96)),INDEX(D:D,ROW(D96)-4),"")) | F96: =CHOOSE(MOD(ROW(F96)-ROW($F$3),4)+1, "Предел прочности, МПа", "Предел текучести, МПа", "Относительное удлинение пятикратного образца при растяжении, %", "Относительное сужение поперечного сечения образца при растяжении, %") -> Предел текучести, МПа | G96: 216 | H96: 206 | I96: 206 | J96: 206 | K96: 196 | L96: 196 | M96: 177 | N96: 157 | O96: - | P96: - | Q96: - | R96: - | S96: -
B97: =IF(NOT(ISBLANK(A97)),A97,IF(NOT(ISBLANK(E97)),INDEX(B:B,ROW(B97)-4),"")) | D97: =IF(NOT(ISBLANK(C97)),C97,IF(NOT(ISBLANK(E97)),INDEX(D:D,ROW(D97)-4),"")) | F97: =CHOOSE(MOD(ROW(F97)-ROW($F$3),4)+1, "Предел прочности, МПа", "Предел текучести, МПа", "Относительное удлинение пятикратного образца при растяжении, %", "Относительное сужение поперечного сечения образца при растяжении, %") -> Относительное удлинение пятикратного образца при растяжении, % | G97: 23 | H97: 21 | I97: 20 | J97: 20 | K97: 19 | L97: 19 | M97: 19 | N97: 19 | O97: - | P97: - | Q97: - | R97: - | S97: -
B98: =IF(NOT(ISBLANK(A98)),A98,IF(NOT(ISBLANK(E98)),INDEX(B:B,ROW(B98)-4),"")) | D98: =IF(NOT(ISBLANK(C98)),C98,IF(NOT(ISBLANK(E98)),INDEX(D:D,ROW(D98)-4),"")) | F98: =CHOOSE(MOD(ROW(F98)-ROW($F$3),4)+1, "Предел прочности, МПа", "Предел текучести, МПа", "Относительное удлинение пятикратного образца при растяжении, %", "Относительное сужение поперечного сечения образца при растяжении, %") -> Относительное сужение поперечного сечения образца при растяжении, % | G98: 50 | H98: 48 | I98: 47 | J98: 47 | K98: 47 | L98: 47 | M98: 49 | N98: 51 | O98: - | P98: - | Q98: - | R98: - | S98: -
A99: Сталь углеродистая | B99: =IF(NOT(ISBLANK(A99)),A99,IF(NOT(ISBLANK(E99)),INDEX(B:B,ROW(B99)-4),"")) -> Сталь углеродистая | C99: 22К | D99: =IF(NOT(ISBLANK(C99)),C99,IF(NOT(ISBLANK(E99)),INDEX(D:D,ROW(D99)-4),"")) -> 22К | E99: Листы толщиной от 70 до 170 мм, КП215* | F99: =CHOOSE(MOD(ROW(F99)-ROW($F$3),4)+1, "Предел прочности, МПа", "Предел текучести, МПа", "Относительное удлинение пятикратного образца при растяжении, %", "Относительное сужение поперечного сечения образца при растяжении, %") -> Предел прочности, МПа | G99: 430 | H99: 430 | I99: 430 | J99: 430 | K99: 430 | L99: 421 | M99: 412 | N99: 392 | O99: - | P99: - | Q99: - | R99: - | S99: -
B100: =IF(NOT(ISBLANK(A100)),A100,IF(NOT(ISBLANK(E100)),INDEX(B:B,ROW(B100)-4),"")) | D100: =IF(NOT(ISBLANK(C100)),C100,IF(NOT(ISBLANK(E100)),INDEX(D:D,ROW(D100)-4),"")) | F100: =CHOOSE(MOD(ROW(F100)-ROW($F$3),4)+1, "Предел прочности, МПа", "Предел текучести, МПа", "Относительное удлинение пятикратного образца при растяжении, %", "Относительное сужение поперечного сечения образца при растяжении, %") -> Предел текучести, МПа | G100: 215 | H100: 206 | I100: 196 | J100: 186 | K100: 186 | L100: 186 | M100: 186 | N100: 177 | O100: - | P100: - | Q100: - | R100: - | S100: -
...

Sheet Rm, МПа
A1: Класс материала | B1: Марка стали или сплава | C1: Сортамент | D1: Температура, К (°С)
D2: 20 | E2: 50 | F2: 100 | G2: 150 | H2: 200 | I2: 250 | J2: 300 | K2: 350 | L2: 400 | M2: 450 | N2: 500 | O2: 550 | P2: 600
A3: =INDEX('Обработка исходного'!B:B,ROW($B$3)+4*(ROW($B3)-ROW($B$3))) -> Сталь углеродистая | B3: =INDEX('Обработка исходного'!D:D,ROW($B$3)+4*(ROW($B3)-ROW($B$3))) -> Ст3сп5 | C3: =IF(ISBLANK(INDEX('Обработка исходного'!E:E,ROW($B$3)+4*(ROW($B3)-ROW($B$3)))),"",INDEX('Обработка исходного'!E:E,ROW($B$3)+4*(ROW($B3)-ROW($B$3)))) -> Горячекатаная сортовая фасонная и листовая сталь толщиной до 20 мм | D3: =INDEX('Обработка исходного'!G:G,ROW($B$3)+4*(ROW($B3)-ROW($B$3))) -> 373 | E3: =INDEX('Обработка исходного'!H:H,ROW($B$3)+4*(ROW($B3)-ROW($B$3))) -> 363 | F3: =INDEX('Обработка исходного'!I:I,ROW($B$3)+4*(ROW($B3)-ROW($B$3))) -> 353 | G3: =INDEX('Обработка исходного'!J:J,ROW($B$3)+4*(ROW($B3)-ROW($B$3))) -> 353 | H3: =INDEX('Обработка исходного'!K:K,ROW($B$3)+4*(ROW($B3)-ROW($B$3))) -> 343 | I3: =INDEX('Обработка исходного'!L:L,ROW($B$3)+4*(ROW($B3)-ROW($B$3))) -> 323 | J3: =INDEX('Обработка исходного'!M:M,ROW($B$3)+4*(ROW($B3)-ROW($B$3))) -> 284 | K3: =INDEX('Обработка исходного'!N:N,ROW($B$3)+4*(ROW($B3)-ROW($B$3))) -> - | L3: =INDEX('Обработка исходного'!O:O,ROW($B$3)+4*(ROW($B3)-ROW($B$3))) -> - | M3: =INDEX('Обработка исходного'!P:P,ROW($B$3)+4*(ROW($B3)-ROW($B$3))) -> - | N3: =INDEX('Обработка исходного'!Q:Q,ROW($B$3)+4*(ROW($B3)-ROW($B$3))) -> - | O3: =INDEX('Обработка исходного'!R:R,ROW($B$3)+4*(ROW($B3)-ROW($B$3))) -> - | P3: =INDEX('Обработка исходного'!S:S,ROW($B$3)+4*(ROW($B3)-ROW($B$3))) -> -
A4: =INDEX('Обработка исходного'!B:B,ROW($B$3)+4*(ROW($B4)-ROW($B$3))) -> Сталь углеродистая | B4: =INDEX('Обработка исходного'!D:D,ROW($B$3)+4*(ROW($B4)-ROW($B$3))) -> Ст3сп5 | C4: =IF(ISBLANK(INDEX('Обработка исходного'!E:E,ROW($B$3)+4*(ROW($B4)-ROW($B$3)))),"",INDEX('Обработка исходного'!E:E,ROW($B$3)+4*(ROW($B4)-ROW($B$3)))) -> Горячекатаная сортовая фасонная и листовая сталь толщиной от 20 до 100 мм | D4: =INDEX('Обработка исходного'!G:G,ROW($B$3)+4*(ROW($B4)-ROW($B$3))) -> 373 | E4: =INDEX('Обработка исходного'!H:H,ROW($B$3)+4*(ROW($B4)-ROW($B$3))) -> 363 | F4: =INDEX('Обработка исходного'!I:I,ROW($B$3)+4*(ROW($B4)-ROW($B$3))) -> 353 | G4: =INDEX('Обработка исходного'!J:J,ROW($B$3)+4*(ROW($B4)-ROW($B$3))) -> 353 | H4: =INDEX('Обработка исходного'!K:K,ROW($B$3)+4*(ROW($B4)-ROW($B$3))) -> 343 | I4: =INDEX('Обработка исходного'!L:L,ROW($B$3)+4*(ROW($B4)-ROW($B$3))) -> 323 | J4: =INDEX('Обработка исходного'!M:M,ROW($B$3)+4*(ROW($B4)-ROW($B$3))) -> 284 | K4: =INDEX('Обработка исходного'!N:N,ROW($B$3)+4*(ROW($B4)-ROW($B$3))) -> - | L4: =INDEX('Обработка исходного'!O:O,ROW($B$3)+4*(ROW($B4)-ROW($B$3))) -> - | M4: =INDEX('Обработка исходного'!P:P,ROW($B$3)+4*(ROW($B4)-ROW($B$3))) -> - | N4: =INDEX('Обработка исходного'!Q:Q,ROW($B$3)+4*(ROW($B4)-ROW($B$3))) -> - | O4: =INDEX('Обработка исходного'!R:R,ROW($B$3)+4*(ROW($B4)-ROW($B$3))) -> - | P4: =INDEX('Обработка исходного'!S:S,ROW($B$3)+4*(ROW($B4)-ROW($B$3))) -> -
A5: =INDEX('Обработка исходного'!B:B,ROW($B$3)+4*(ROW($B5)-ROW($B$3))) -> Сталь углеродистая | B5: =INDEX('Обработка исходного'!D:D,ROW($B$3)+4*(ROW($B5)-ROW($B$3))) -> Ст3сп5 | C5: =IF(ISBLANK(INDEX('Обработка исходного'!E:E,ROW($B$3)+4*(ROW($B5)-ROW($B$3)))),"",INDEX('Обработка исходного'!E:E,ROW($B$3)+4*(ROW($B5)-ROW($B$3)))) -> Горячекатаная сортовая фасонная и листовая сталь толщиной более 100 мм | D5: =INDEX('Обработка исходного'!G:G,ROW($B$3)+4*(ROW($B5)-ROW($B$3))) -> 373 | E5: =INDEX('Обработка исходного'!H:H,ROW($B$3)+4*(ROW($B5)-ROW($B$3))) -> 363 | F5: =INDEX('Обработка исходного'!I:I,ROW($B$3)+4*(ROW($B5)-ROW($B$3))) -> 353 | G5: =INDEX('Обработка исходного'!J:J,ROW($B$3)+4*(ROW($B5)-ROW($B$3))) -> 353 | H5: =INDEX('Обработка исходного'!K:K,ROW($B$3)+4*(ROW($B5)-ROW($B$3))) -> 343 | I5: =INDEX('Обработка исходного'!L:L,ROW($B$3)+4*(ROW($B5)-ROW($B$3))) -> 323 | J5: =INDEX('Обработка исходного'!M:M,ROW($B$3)+4*(ROW($B5)-ROW($B$3))) -> 284 | K5: =INDEX('Обработка исходного'!N:N,ROW($B$3)+4*(ROW($B5)-ROW($B$3))) -> - | L5: =INDEX('Обработка исходного'!O:O,ROW($B$3)+4*(ROW($B5)-ROW($B$3))) -> - | M5: =INDEX('Обработка исходного'!P:P,ROW($B$3)+4*(ROW($B5)-ROW($B$3))) -> - | N5: =INDEX('Обработка исходного'!Q:Q,ROW($B$3)+4*(ROW($B5)-ROW($B$3))) -> - | O5: =INDEX('Обработка исходного'!R:R,ROW($B$3)+4*(ROW($B5)-ROW($B$3))) -> - | P5: =INDEX('Обработка исходного'!S:S,ROW($B$3)+4*(ROW($B5)-ROW($B$3))) -> -
A6: =INDEX('Обработка исходного'!B:B,ROW($B$3)+4*(ROW($B6)-ROW($B$3))) -> Сталь углеродистая | B6: =INDEX('Обработка исходного'!D:D,ROW($B$3)+4*(ROW($B6)-ROW($B$3))) -> Ст3сп5 | C6: =IF(ISBLANK(INDEX('Обработка исходного'!E:E,ROW($B$3)+4*(ROW($B6)-ROW($B$3)))),"",INDEX('Обработка исходного'!E:E,ROW($B$3)+4*(ROW($B6)-ROW($B$3)))) -> Трубы | D6: =INDEX('Обработка исходного'!G:G,ROW($B$3)+4*(ROW($B6)-ROW($B$3))) -> 373 | E6: =INDEX('Обработка исходного'!H:H,ROW($B$3)+4*(ROW($B6)-ROW($B$3))) -> 363 | F6: =INDEX('Обработка исходного'!I:I,ROW($B$3)+4*(ROW($B6)-ROW($B$3))) -> 353 | G6: =INDEX('Обработка исходного'!J:J,ROW($B$3)+4*(ROW($B6)-ROW($B$3))) -> 343 | H6: =INDEX('Обработка исходного'!K:K,ROW($B$3)+4*(ROW($B6)-ROW($B$3))) -> 343 | I6: =INDEX('Обработка исходного'!L:L,ROW($B$3)+4*(ROW($B6)-ROW($B$3))) -> 323 | J6: =INDEX('Обработка исходного'!M:M,ROW($B$3)+4*(ROW($B6)-ROW($B$3))) -> 324 | K6: =INDEX('Обработка исходного'!N:N,ROW($B$3)+4*(ROW($B6)-ROW($B$3))) -> - | L6: =INDEX('Обработка исходного'!O:O,ROW($B$3)+4*(ROW($B6)-ROW($B$3))) -> - | M6: =INDEX('Обработка исходного'!P:P,ROW($B$3)+4*(ROW($B6)-ROW($B$3))) -> - | N6: =INDEX('Обработка исходного'!Q:Q,ROW($B$3)+4*(ROW($B6)-ROW($B$3))) -> - | O6: =INDEX('Обработка исходного'!R:R,ROW($B$3)+4*(ROW($B6)-ROW($B$3))) -> - | P6: =INDEX('Обработка исходного'!S:S,ROW($B$3)+4*(ROW($B6)-ROW($B$3))) -> -
A7: =INDEX('Обработка исходного'!B:B,ROW($B$3)+4*(ROW($B7)-ROW($B$3))) -> Сталь углеродистая | B7: =INDEX('Обработка исходного'!D:D,ROW($B$3)+4*(ROW($B7)-ROW($B$3))) -> Ст3сп5 | C7: =IF(ISBLANK(INDEX('Обработка исходного'!E:E,ROW($B$3)+4*(ROW($B7)-ROW($B$3)))),"",INDEX('Обработка исходного'!E:E,ROW($B$3)+4*(ROW($B7)-ROW($B$3)))) -> Поковки диаметром или толщиной до 300 мм, КП175* | D7: =INDEX('Обработка исходного'!G:G,ROW($B$3)+4*(ROW($B7)-ROW($B$3))) -> 355 | E7: =INDEX('Обработка исходного'!H:H,ROW($B$3)+4*(ROW($B7)-ROW($B$3))) -> 343 | F7: =INDEX('Обработка исходного'!I:I,ROW($B$3)+4*(ROW($B7)-ROW($B$3))) -> 333 | G7: =INDEX('Обработка исходного'!J:J,ROW($B$3)+4*(ROW($B7)-ROW($B$3))) -> 333 | H7: =INDEX('Обработка исходного'!K:K,ROW($B$3)+4*(ROW($B7)-ROW($B$3))) -> 314 | I7: =INDEX('Обработка исходного'!L:L,ROW($B$3)+4*(ROW($B7)-ROW($B$3))) -> 304 | J7: =INDEX('Обработка исходного'!M:M,ROW($B$3)+4*(ROW($B7)-ROW($B$3))) -> 275 | K7: =INDEX('Обработка исходного'!N:N,ROW($B$3)+4*(ROW($B7)-ROW($B$3))) -> - | L7: =INDEX('Обработка исходного'!O:O,ROW($B$3)+4*(ROW($B7)-ROW($B$3))) -> - | M7: =INDEX('Обработка исходного'!P:P,ROW($B$3)+4*(ROW($B7)-ROW($B$3))) -> - | N7: =INDEX('Обработка исходного'!Q:Q,ROW($B$3)+4*(ROW($B7)-ROW($B$3))) -> - | O7: =INDEX('Обработка исходного'!R:R,ROW($B$3)+4*(ROW($B7)-ROW($B$3))) -> - | P7: =INDEX('Обработка исходного'!S:S,ROW($B$3)+4*(ROW($B7)-ROW($B$3))) -> -
A8: =INDEX('Обработка исходного'!B:B,ROW($B$3)+4*(ROW($B8)-ROW($B$3))) -> Сталь углеродистая | B8: =INDEX('Обработка исходного'!D:D,ROW($B$3)+4*(ROW($B8)-ROW($B$3))) -> Ст3сп5 | C8: =IF(ISBLANK(INDEX('Обработка исходного'!E:E,ROW($B$3)+4*(ROW($B8)-ROW($B$3)))),"",INDEX('Обработка исходного'!E:E,ROW($B$3)+4*(ROW($B8)-ROW($B$3)))) -> Поковки диаметром или толщиной до 300 мм, КП195* | D8: =INDEX('Обработка исходного'!G:G,ROW($B$3)+4*(ROW($B8)-ROW($B$3))) -> 390 | E8: =INDEX('Обработка исходного'!H:H,ROW($B$3)+4*(ROW($B8)-ROW($B$3))) -> 390 | F8: =INDEX('Обработка исходного'!I:I,ROW($B$3)+4*(ROW($B8)-ROW($B$3))) -> 373 | G8: =INDEX('Обработка исходного'!J:J,ROW($B$3)+4*(ROW($B8)-ROW($B$3))) -> 373 | H8: =INDEX('Обработка исходного'!K:K,ROW($B$3)+4*(ROW($B8)-ROW($B$3))) -> 363 | I8: =INDEX('Обработка исходного'!L:L,ROW($B$3)+4*(ROW($B8)-ROW($B$3))) -> 333 | J8: =INDEX('Обработка исходного'!M:M,ROW($B$3)+4*(ROW($B8)-ROW($B$3))) -> 304 | K8: =INDEX('Обработка исходного'!N:N,ROW($B$3)+4*(ROW($B8)-ROW($B$3))) -> - | L8: =INDEX('Обработка исходного'!O:O,ROW($B$3)+4*(ROW($B8)-ROW($B$3))) -> - | M8: =INDEX('Обработка исходного'!P:P,ROW($B$3)+4*(ROW($B8)-ROW($B$3))) -> - | N8: =INDEX('Обработка исходного'!Q:Q,ROW($B$3)+4*(ROW($B8)-ROW($B$3))) -> - | O8: =INDEX('Обработка исходного'!R:R,ROW($B$3)+4*(ROW($B8)-ROW($B$3))) -> - | P8: =INDEX('Обработка исходного'!S:S,ROW($B$3)+4*(ROW($B8)-ROW($B$3))) -> -
A9: =INDEX('Обработка исходного'!B:B,ROW($B$3)+4*(ROW($B9)-ROW($B$3))) -> Сталь углеродистая | B9: =INDEX('Обработка исходного'!D:D,ROW($B$3)+4*(ROW($B9)-ROW($B$3))) -> Ст3сп5 | C9: =IF(ISBLANK(INDEX('Обработка исходного'!E:E,ROW($B$3)+4*(ROW($B9)-ROW($B$3)))),"",INDEX('Обработка исходного'!E:E,ROW($B$3)+4*(ROW($B9)-ROW($B$3)))) -> Поковки диаметром или толщиной до 50 мм, КП215* | D9: =INDEX('Обработка исходного'!G:G,ROW($B$3)+4*(ROW($B9)-ROW($B$3))) -> 420 | E9: =INDEX('Обработка исходного'!H:H,ROW($B$3)+4*(ROW($B9)-ROW($B$3))) -> 422 | F9: =INDEX('Обработка исходного'!I:I,ROW($B$3)+4*(ROW($B9)-ROW($B$3))) -> 402 | G9: =INDEX('Обработка исходного'!J:J,ROW($B$3)+4*(ROW($B9)-ROW($B$3))) -> 402 | H9: =INDEX('Обработка исходного'!K:K,ROW($B$3)+4*(ROW($B9)-ROW($B$3))) -> 392 | I9: =INDEX('Обработка исходного'!L:L,ROW($B$3)+4*(ROW($B9)-ROW($B$3))) -> 373 | J9: =INDEX('Обработка исходного'!M:M,ROW($B$3)+4*(ROW($B9)-ROW($B$3))) -> 333 | K9: =INDEX('Обработка исходного'!N:N,ROW($B$3)+4*(ROW($B9)-ROW($B$3))) -> - | L9: =INDEX('Обработка исходного'!O:O,ROW($B$3)+4*(ROW($B9)-ROW($B$3))) -> - | M9: =INDEX('Обработка исходного'!P:P,ROW($B$3)+4*(ROW($B9)-ROW($B$3))) -> - | N9: =INDEX('Обработка исходного'!Q:Q,ROW($B$3)+4*(ROW($B9)-ROW($B$3))) -> - | O9: =INDEX('Обработка исходного'!R:R,ROW($B$3)+4*(ROW($B9)-ROW($B$3))) -> - | P9: =INDEX('Обработка исходного'!S:S,ROW($B$3)+4*(ROW($B9)-ROW($B$3))) -> -
A10: =INDEX('Обработка исходного'!B:B,ROW($B$3)+4*(ROW($B10)-ROW($B$3))) -> Сталь углеродистая | B10: =INDEX('Обработка исходного'!D:D,ROW($B$3)+4*(ROW($B10)-ROW($B$3))) -> 10 | C10: =IF(ISBLANK(INDEX('Обработка исходного'!E:E,ROW($B$3)+4*(ROW($B10)-ROW($B$3)))),"",INDEX('Обработка исходного'!E:E,ROW($B$3)+4*(ROW($B10)-ROW($B$3)))) -> Трубы холодно- и теплодеформированные бесшовные | D10: =INDEX('Обработка исходного'!G:G,ROW($B$3)+4*(ROW($B10)-ROW($B$3))) -> 343 | E10: =INDEX('Обработка исходного'!H:H,ROW($B$3)+4*(ROW($B10)-ROW($B$3))) -> 333 | F10: =INDEX('Обработка исходного'!I:I,ROW($B$3)+4*(ROW($B10)-ROW($B$3))) -> 333 | G10: =INDEX('Обработка исходного'!J:J,ROW($B$3)+4*(ROW($B10)-ROW($B$3))) -> 333 | H10: =INDEX('Обработка исходного'!K:K,ROW($B$3)+4*(ROW($B10)-ROW($B$3))) -> 333 | I10: =INDEX('Обработка исходного'!L:L,ROW($B$3)+4*(ROW($B10)-ROW($B$3))) -> 323 | J10: =INDEX('Обработка исходного'!M:M,ROW($B$3)+4*(ROW($B10)-ROW($B$3))) -> 314 | K10: =INDEX('Обработка исходного'!N:N,ROW($B$3)+4*(ROW($B10)-ROW($B$3))) -> 294 | L10: =INDEX('Обработка исходного'!O:O,ROW($B$3)+4*(ROW($B10)-ROW($B$3))) -> - | M10: =INDEX('Обработка исходного'!P:P,ROW($B$3)+4*(ROW($B10)-ROW($B$3))) -> - | N10: =INDEX('Обработка исходного'!Q:Q,ROW($B$3)+4*(ROW($B10)-ROW($B$3))) -> - | O10: =INDEX('Обработка исходного'!R:R,ROW($B$3)+4*(ROW($B10)-ROW($B$3))) -> - | P10: =INDEX('Обработка исходного'!S:S,ROW($B$3)+4*(ROW($B10)-ROW($B$3))) -> -
A11: =INDEX('Обработка исходного'!B:B,ROW($B$3)+4*(ROW($B11)-ROW($B$3))) -> Сталь углеродистая | B11: =INDEX('Обработка исходного'!D:D,ROW($B$3)+4*(ROW($B11)-ROW($B$3))) -> 10 | C11: =IF(ISBLANK(INDEX('Обработка исходного'!E:E,ROW($B$3)+4*(ROW($B11)-ROW($B$3)))),"",INDEX('Обработка исходного'!E:E,ROW($B$3)+4*(ROW($B11)-ROW($B$3)))) -> Сортовая горячекатаная и кованая сталь толщиной или диаметром до 80 мм | D11: =INDEX('Обработка исходного'!G:G,ROW($B$3)+4*(ROW($B11)-ROW($B$3))) -> 333 | E11: =INDEX('Обработка исходного'!H:H,ROW($B$3)+4*(ROW($B11)-ROW($B$3))) -> 333 | F11: =INDEX('Обработка исходного'!I:I,ROW($B$3)+4*(ROW($B11)-ROW($B$3))) -> 333 | G11: =INDEX('Обработка исходного'!J:J,ROW($B$3)+4*(ROW($B11)-ROW($B$3))) -> 333 | H11: =INDEX('Обработка исходного'!K:K,ROW($B$3)+4*(ROW($B11)-ROW($B$3))) -> 333 | I11: =INDEX('Обработка исходного'!L:L,ROW($B$3)+4*(ROW($B11)-ROW($B$3))) -> 323 | J11: =INDEX('Обработка исходного'!M:M,ROW($B$3)+4*(ROW($B11)-ROW($B$3))) -> 314 | K11: =INDEX('Обработка исходного'!N:N,ROW($B$3)+4*(ROW($B11)-ROW($B$3))) -> 294 | L11: =INDEX('Обработка исходного'!O:O,ROW($B$3)+4*(ROW($B11)-ROW($B$3))) -> - | M11: =INDEX('Обработка исходного'!P:P,ROW($B$3)+4*(ROW($B11)-ROW($B$3))) -> - | N11: =INDEX('Обработка исходного'!Q:Q,ROW($B$3)+4*(ROW($B11)-ROW($B$3))) -> - | O11: =INDEX('Обработка исходного'!R:R,ROW($B$3)+4*(ROW($B11)-ROW($B$3))) -> - | P11: =INDEX('Обработка исходного'!S:S,ROW($B$3)+4*(ROW($B11)-ROW($B$3))) -> -
A12: =INDEX('Обработка исходного'!B:B,ROW($B$3)+4*(ROW($B12)-ROW($B$3))) -> Сталь углеродистая | B12: =INDEX('Обработка исходного'!D:D,ROW($B$3)+4*(ROW($B12)-ROW($B$3))) -> 15 | C12: =IF(ISBLANK(INDEX('Обработка исходного'!E:E,ROW($B$3)+4*(ROW($B12)-ROW($B$3)))),"",INDEX('Обработка исходного'!E:E,ROW($B$3)+4*(ROW($B12)-ROW($B$3)))) -> Сортовая горячекатаная сталь толщиной или диаметром до 80 мм | D12: =INDEX('Обработка исходного'!G:G,ROW($B$3)+4*(ROW($B12)-ROW($B$3))) -> 373 | E12: =INDEX('Обработка исходного'!H:H,ROW($B$3)+4*(ROW($B12)-ROW($B$3))) -> 373 | F12: =INDEX('Обработка исходного'!I:I,ROW($B$3)+4*(ROW($B12)-ROW($B$3))) -> 363 | G12: =INDEX('Обработка исходного'!J:J,ROW($B$3)+4*(ROW($B12)-ROW($B$3))) -> 353 | H12: =INDEX('Обработка исходного'!K:K,ROW($B$3)+4*(ROW($B12)-ROW($B$3))) -> 343 | I12: =INDEX('Обработка исходного'!L:L,ROW($B$3)+4*(ROW($B12)-ROW($B$3))) -> 333 | J12: =INDEX('Обработка исходного'!M:M,ROW($B$3)+4*(ROW($B12)-ROW($B$3))) -> 333 | K12: =INDEX('Обработка исходного'!N:N,ROW($B$3)+4*(ROW($B12)-ROW($B$3))) -> 333 | L12: =INDEX('Обработка исходного'!O:O,ROW($B$3)+4*(ROW($B12)-ROW($B$3))) -> - | M12: =INDEX('Обработка исходного'!P:P,ROW($B$3)+4*(ROW($B12)-ROW($B$3))) -> - | N12: =INDEX('Обработка исходного'!Q:Q,ROW($B$3)+4*(ROW($B12)-ROW($B$3))) -> - | O12: =INDEX('Обработка исходного'!R:R,ROW($B$3)+4*(ROW($B12)-ROW($B$3))) -> - | P12: =INDEX('Обработка исходного'!S:S,ROW($B$3)+4*(ROW($B12)-ROW($B$3))) -> -
A13: =INDEX('Обработка исходного'!B:B,ROW($B$3)+4*(ROW($B13)-ROW($B$3))) -> Сталь углеродистая | B13: =INDEX('Обработка исходного'!D:D,ROW($B$3)+4*(ROW($B13)-ROW($B$3))) -> 15 | C13: =IF(ISBLANK(INDEX('Обработка исходного'!E:E,ROW($B$3)+4*(ROW($B13)-ROW($B$3)))),"",INDEX('Обработка исходного'!E:E,ROW($B$3)+4*(ROW($B13)-ROW($B$3)))) -> Поковки диаметром до 300 мм, КП175* | D13: =INDEX('Обработка исходного'!G:G,ROW($B$3)+4*(ROW($B13)-ROW($B$3))) -> 355 | E13: =INDEX('Обработка исходного'!H:H,ROW($B$3)+4*(ROW($B13)-ROW($B$3))) -> 343 | F13: =INDEX('Обработка исходного'!I:I,ROW($B$3)+4*(ROW($B13)-ROW($B$3))) -> 333 | G13: =INDEX('Обработка исходного'!J:J,ROW($B$3)+4*(ROW($B13)-ROW($B$3))) -> 324 | H13: =INDEX('Обработка исходного'!K:K,ROW($B$3)+4*(ROW($B13)-ROW($B$3))) -> 314 | I13: =INDEX('Обработка исходного'!L:L,ROW($B$3)+4*(ROW($B13)-ROW($B$3))) -> 294 | J13: =INDEX('Обработка исходного'!M:M,ROW($B$3)+4*(ROW($B13)-ROW($B$3))) -> 294 | K13: =INDEX('Обработка исходного'!N:N,ROW($B$3)+4*(ROW($B13)-ROW($B$3))) -> 294 | L13: =INDEX('Обработка исходного'!O:O,ROW($B$3)+4*(ROW($B13)-ROW($B$3))) -> - | M13: =INDEX('Обработка исходного'!P:P,ROW($B$3)+4*(ROW($B13)-ROW($B$3))) -> - | N13: =INDEX('Обработка исходного'!Q:Q,ROW($B$3)+4*(ROW($B13)-ROW($B$3))) -> - | O13: =INDEX('Обработка исходного'!R:R,ROW($B$3)+4*(ROW($B13)-ROW($B$3))) -> - | P13: =INDEX('Обработка исходного'!S:S,ROW($B$3)+4*(ROW($B13)-ROW($B$3))) -> -
A14: =INDEX('Обработка исходного'!B:B,ROW($B$3)+4*(ROW($B14)-ROW($B$3))) -> Сталь углеродистая | B14: =INDEX('Обработка исходного'!D:D,ROW($B$3)+4*(ROW($B14)-ROW($B$3))) -> 15 | C14: =IF(ISBLANK(INDEX('Обработка исходного'!E:E,ROW($B$3)+4*(ROW($B14)-ROW($B$3)))),"",INDEX('Обработка исходного'!E:E,ROW($B$3)+4*(ROW($B14)-ROW($B$3)))) -> Поковки диаметром до 100 мм, КП195* | D14: =INDEX('Обработка исходного'!G:G,ROW($B$3)+4*(ROW($B14)-ROW($B$3))) -> 390 | E14: =INDEX('Обработка исходного'!H:H,ROW($B$3)+4*(ROW($B14)-ROW($B$3))) -> 383 | F14: =INDEX('Обработка исходного'!I:I,ROW($B$3)+4*(ROW($B14)-ROW($B$3))) -> 373 | G14: =INDEX('Обработка исходного'!J:J,ROW($B$3)+4*(ROW($B14)-ROW($B$3))) -> 363 | H14: =INDEX('Обработка исходного'!K:K,ROW($B$3)+4*(ROW($B14)-ROW($B$3))) -> 353 | I14: =INDEX('Обработка исходного'!L:L,ROW($B$3)+4*(ROW($B14)-ROW($B$3))) -> 343 | J14: =INDEX('Обработка исходного'!M:M,ROW($B$3)+4*(ROW($B14)-ROW($B$3))) -> 333 | K14: =INDEX('Обработка исходного'!N:N,ROW($B$3)+4*(ROW($B14)-ROW($B$3))) -> 324 | L14: =INDEX('Обработка исходного'!O:O,ROW($B$3)+4*(ROW($B14)-ROW($B$3))) -> - | M14: =INDEX('Обработка исходного'!P:P,ROW($B$3)+4*(ROW($B14)-ROW($B$3))) -> - | N14: =INDEX('Обработка исходного'!Q:Q,ROW($B$3)+4*(ROW($B14)-ROW($B$3))) -> - | O14: =INDEX('Обработка исходного'!R:R,ROW($B$3)+4*(ROW($B14)-ROW($B$3))) -> - | P14: =INDEX('Обработка исходного'!S:S,ROW($B$3)+4*(ROW($B14)-ROW($B$3))) -> -
... A359: =INDEX('Обработка исходного'!B:B,ROW($B$3)+4*(ROW($B359)-ROW($B$3))) -> Сплав на железоникелевой основе | B359: =INDEX('Обработка исходного'!D:D,ROW($B$3)+4*(ROW($B359)-ROW($B$3))) -> Сплав 0Х20Н46Б | C359: =IF(ISBLANK(INDEX('Обработка исходного'!E:E,ROW($B$3)+4*(ROW($B359)-ROW($B$3)))),"",INDEX('Обработка исходного'!E:E,ROW($B$3)+4*(ROW($B359)-ROW($B$3)))) -> Прутки круглого и квадратного сечения толщиной или диаметром от 30 до 170 мм | D359: =INDEX('Обработка исходного'!G:G,ROW($B$3)+4*(ROW($B359)-ROW($B$3))) -> 540 | E359: =INDEX('Обработка исходного'!H:H,ROW($B$3)+4*(ROW($B359)-ROW($B$3))) -> 530 | F359: =INDEX('Обработка исходного'!I:I,ROW($B$3)+4*(ROW($B359)-ROW($B$3))) -> 530 | G359: =INDEX('Обработка исходного'!J:J,ROW($B$3)+4*(ROW($B359)-ROW($B$3))) -> 510 | H359: =INDEX('Обработка исходного'!K:K,ROW($B$3)+4*(ROW($B359)-ROW($B$3))) -> 471 | I359: =INDEX('Обработка исходного'!L:L,ROW($B$3)+4*(ROW($B359)-ROW($B$3))) -> 461 | J359: =INDEX('Обработка исходного'!M:M,ROW($B$3)+4*(ROW($B359)-ROW($B$3))) -> 461 | K359: =INDEX('Обработка исходного'!N:N,ROW($B$3)+4*(ROW($B359)-ROW($B$3))) -> 461 | L359: =INDEX('Обработка исходного'!O:O,ROW($B$3)+4*(ROW($B359)-ROW($B$3))) -> 461 | M359: =INDEX('Обработка исходного'!P:P,ROW($B$3)+4*(ROW($B359)-ROW($B$3))) -> 461 | N359: =INDEX('Обработка исходного'!Q:Q,ROW($B$3)+4*(ROW($B359)-ROW($B$3))) -> 451 | O359: =INDEX('Обработка исходного'!R:R,ROW($B$3)+4*(ROW($B359)-ROW($B$3))) -> 441 | P359: =INDEX('Обработка исходного'!S:S,ROW($B$3)+4*(ROW($B359)-ROW($B$3))) -> 412

Sheet Rp0,2, МПа
A1: Класс материала | B1: Марка стали или сплава | C1: Сортамент | D1: Температура, К (°С)
D2: 20 | E2: 50 | F2: 100 | G2: 150 | H2: 200 | I2: 250 | J2: 300 | K2: 350 | L2: 400 | M2: 450 | N2: 500 | O2: 550 | P2: 600
A3: =INDEX('Обработка исходного'!B:B,ROW($B$3)+4*(ROW($B3)-ROW($B$3))) -> Сталь углеродистая | B3: =INDEX('Обработка исходного'!D:D,ROW($B$3)+4*(ROW($B3)-ROW($B$3))) -> Ст3сп5 | C3: =IF(ISBLANK(INDEX('Обработка исходного'!E:E,ROW($B$3)+4*(ROW($B3)-ROW($B$3)))),"",INDEX('Обработка исходного'!E:E,ROW($B$3)+4*(ROW($B3)-ROW($B$3)))) -> Горячекатаная сортовая фасонная и листовая сталь толщиной до 20 мм | D3: =INDEX('Обработка исходного'!G:G,ROW($B$3)+4*(ROW($B3)-ROW($B$3))+1) -> 245 | E3: =INDEX('Обработка исходного'!H:H,ROW($B$3)+4*(ROW($B3)-ROW($B$3))+1) -> 235 | F3: =INDEX('Обработка исходного'!I:I,ROW($B$3)+4*(ROW($B3)-ROW($B$3))+1) -> 235 | G3: =INDEX('Обработка исходного'!J:J,ROW($B$3)+4*(ROW($B3)-ROW($B$3))+1) -> 235 | H3: =INDEX('Обработка исходного'!K:K,ROW($B$3)+4*(ROW($B3)-ROW($B$3))+1) -> 235 | I3: =INDEX('Обработка исходного'!L:L,ROW($B$3)+4*(ROW($B3)-ROW($B$3))+1) -> 206 | J3: =INDEX('Обработка исходного'!M:M,ROW($B$3)+4*(ROW($B3)-ROW($B$3))+1) -> 186 | K3: =INDEX('Обработка исходного'!N:N,ROW($B$3)+4*(ROW($B3)-ROW($B$3))+1) -> - | L3: =INDEX('Обработка исходного'!O:O,ROW($B$3)+4*(ROW($B3)-ROW($B$3))+1) -> - | M3: =INDEX('Обработка исходного'!P:P,ROW($B$3)+4*(ROW($B3)-ROW($B$3))+1) -> - | N3: =INDEX('Обработка исходного'!Q:Q,ROW($B$3)+4*(ROW($B3)-ROW($B$3))+1) -> - | O3: =INDEX('Обработка исходного'!R:R,ROW($B$3)+4*(ROW($B3)-ROW($B$3))+1) -> - | P3: =INDEX('Обработка исходного'!S:S,ROW($B$3)+4*(ROW($B3)-ROW($B$3))+1) -> -
A4: =INDEX('Обработка исходного'!B:B,ROW($B$3)+4*(ROW($B4)-ROW($B$3))) -> Сталь углеродистая | B4: =INDEX('Обработка исходного'!D:D,ROW($B$3)+4*(ROW($B4)-ROW($B$3))) -> Ст3сп5 | C4: =IF(ISBLANK(INDEX('Обработка исходного'!E:E,ROW($B$3)+4*(ROW($B4)-ROW($B$3)))),"",INDEX('Обработка исходного'!E:E,ROW($B$3)+4*(ROW($B4)-ROW($B$3)))) -> Горячекатаная сортовая фасонная и листовая сталь толщиной от 20 до 100 мм | D4: =INDEX('Обработка исходного'!G:G,ROW($B$3)+4*(ROW($B4)-ROW($B$3))+1) -> 206 | E4: =INDEX('Обработка исходного'!H:H,ROW($B$3)+4*(ROW($B4)-ROW($B$3))+1) -> 196 | F4: =INDEX('Обработка исходного'!I:I,ROW($B$3)+4*(ROW($B4)-ROW($B$3))+1) -> 196 | G4: =INDEX('Обработка исходного'!J:J,ROW($B$3)+4*(ROW($B4)-ROW($B$3))+1) -> 196 | H4: =INDEX('Обработка исходного'!K:K,ROW($B$3)+4*(ROW($B4)-ROW($B$3))+1) -> 196 | I4: =INDEX('Обработка исходного'!L:L,ROW($B$3)+4*(ROW($B4)-ROW($B$3))+1) -> 177 | J4: =INDEX('Обработка исходного'!M:M,ROW($B$3)+4*(ROW($B4)-ROW($B$3))+1) -> 157 | K4: =INDEX('Обработка исходного'!N:N,ROW($B$3)+4*(ROW($B4)-ROW($B$3))+1) -> - | L4: =INDEX('Обработка исходного'!O:O,ROW($B$3)+4*(ROW($B4)-ROW($B$3))+1) -> - | M4: =INDEX('Обработка исходного'!P:P,ROW($B$3)+4*(ROW($B4)-ROW($B$3))+1) -> - | N4: =INDEX('Обработка исходного'!Q:Q,ROW($B$3)+4*(ROW($B4)-ROW($B$3))+1) -> - | O4: =INDEX('Обработка исходного'!R:R,ROW($B$3)+4*(ROW($B4)-ROW($B$3))+1) -> - | P4: =INDEX('Обработка исходного'!S:S,ROW($B$3)+4*(ROW($B4)-ROW($B$3))+1) -> -
A5: =INDEX('Обработка исходного'!B:B,ROW($B$3)+4*(ROW($B5)-ROW($B$3))) -> Сталь углеродистая | B5: =INDEX('Обработка исходного'!D:D,ROW($B$3)+4*(ROW($B5)-ROW($B$3))) -> Ст3сп5 | C5: =IF(ISBLANK(INDEX('Обработка исходного'!E:E,ROW($B$3)+4*(ROW($B5)-ROW($B$3)))),"",INDEX('Обработка исходного'!E:E,ROW($B$3)+4*(ROW($B5)-ROW($B$3)))) -> Горячекатаная сортовая фасонная и листовая сталь толщиной более 100 мм | D5: =INDEX('Обработка исходного'!G:G,ROW($B$3)+4*(ROW($B5)-ROW($B$3))+1) -> 206 | E5: =INDEX('Обработка исходного'!H:H,ROW($B$3)+4*(ROW($B5)-ROW($B$3))+1) -> 196 | F5: =INDEX('Обработка исходного'!I:I,ROW($B$3)+4*(ROW($B5)-ROW($B$3))+1) -> 196 | G5: =INDEX('Обработка исходного'!J:J,ROW($B$3)+4*(ROW($B5)-ROW($B$3))+1) -> 196 | H5: =INDEX('Обработка исходного'!K:K,ROW($B$3)+4*(ROW($B5)-ROW($B$3))+1) -> 196 | I5: =INDEX('Обработка исходного'!L:L,ROW($B$3)+4*(ROW($B5)-ROW($B$3))+1) -> 177 | J5: =INDEX('Обработка исходного'!M:M,ROW($B$3)+4*(ROW($B5)-ROW($B$3))+1) -> 157 | K5: =INDEX('Обработка исходного'!N:N,ROW($B$3)+4*(ROW($B5)-ROW($B$3))+1) -> - | L5: =INDEX('Обработка исходного'!O:O,ROW($B$3)+4*(ROW($B5)-ROW($B$3))+1) -> - | M5: =INDEX('Обработка исходного'!P:P,ROW($B$3)+4*(ROW($B5)-ROW($B$3))+1) -> - | N5: =INDEX('Обработка исходного'!Q:Q,ROW($B$3)+4*(ROW($B5)-ROW($B$3))+1) -> - | O5: =INDEX('Обработка исходного'!R:R,ROW($B$3)+4*(ROW($B5)-ROW($B$3))+1) -> - | P5: =INDEX('Обработка исходного'!S:S,ROW($B$3)+4*(ROW($B5)-ROW($B$3))+1) -> -
A6: =INDEX('Обработка исходного'!B:B,ROW($B$3)+4*(ROW($B6)-ROW($B$3))) -> Сталь углеродистая | B6: =INDEX('Обработка исходного'!D:D,ROW($B$3)+4*(ROW($B6)-ROW($B$3))) -> Ст3сп5 | C6: =IF(ISBLANK(INDEX('Обработка исходного'!E:E,ROW($B$3)+4*(ROW($B6)-ROW($B$3)))),"",INDEX('Обработка исходного'!E:E,ROW($B$3)+4*(ROW($B6)-ROW($B$3)))) -> Трубы | D6: =INDEX('Обработка исходного'!G:G,ROW($B$3)+4*(ROW($B6)-ROW($B$3))+1) -> 206 | E6: =INDEX('Обработка исходного'!H:H,ROW($B$3)+4*(ROW($B6)-ROW($B$3))+1) -> 196 | F6: =INDEX('Обработка исходного'!I:I,ROW($B$3)+4*(ROW($B6)-ROW($B$3))+1) -> 196 | G6: =INDEX('Обработка исходного'!J:J,ROW($B$3)+4*(ROW($B6)-ROW($B$3))+1) -> 196 | H6: =INDEX('Обработка исходного'!K:K,ROW($B$3)+4*(ROW($B6)-ROW($B$3))+1) -> 196 | I6: =INDEX('Обработка исходного'!L:L,ROW($B$3)+4*(ROW($B6)-ROW($B$3))+1) -> 177 | J6: =INDEX('Обработка исходного'!M:M,ROW($B$3)+4*(ROW($B6)-ROW($B$3))+1) -> 157 | K6: =INDEX('Обработка исходного'!N:N,ROW($B$3)+4*(ROW($B6)-ROW($B$3))+1) -> - | L6: =INDEX('Обработка исходного'!O:O,ROW($B$3)+4*(ROW($B6)-ROW($B$3))+1) -> - | M6: =INDEX('Обработка исходного'!P:P,ROW($B$3)+4*(ROW($B6)-ROW($B$3))+1) -> - | N6: =INDEX('Обработка исходного'!Q:Q,ROW($B$3)+4*(ROW($B6)-ROW($B$3))+1) -> - | O6: =INDEX('Обработка исходного'!R:R,ROW($B$3)+4*(ROW($B6)-ROW($B$3))+1) -> - | P6: =INDEX('Обработка исходного'!S:S,ROW($B$3)+4*(ROW($B6)-ROW($B$3))+1) -> -
A7: =INDEX('Обработка исходного'!B:B,ROW($B$3)+4*(ROW($B7)-ROW($B$3))) -> Сталь углеродистая | B7: =INDEX('Обработка исходного'!D:D,ROW($B$3)+4*(ROW($B7)-ROW($B$3))) -> Ст3сп5 | C7: =IF(ISBLANK(INDEX('Обработка исходного'!E:E,ROW($B$3)+4*(ROW($B7)-ROW($B$3)))),"",INDEX('Обработка исходного'!E:E,ROW($B$3)+4*(ROW($B7)-ROW($B$3)))) -> Поковки диаметром или толщиной до 300 мм, КП175* | D7: =INDEX('Обработка исходного'!G:G,ROW($B$3)+4*(ROW($B7)-ROW($B$3))+1) -> 175 | E7: =INDEX('Обработка исходного'!H:H,ROW($B$3)+4*(ROW($B7)-ROW($B$3))+1) -> 167 | F7: =INDEX('Обработка исходного'!I:I,ROW($B$3)+4*(ROW($B7)-ROW($B$3))+1) -> 167 | G7: =INDEX('Обработка исходного'!J:J,ROW($B$3)+4*(ROW($B7)-ROW($B$3))+1) -> 167 | H7: =INDEX('Обработка исходного'!K:K,ROW($B$3)+4*(ROW($B7)-ROW($B$3))+1) -> 157 | I7: =INDEX('Обработка исходного'!L:L,ROW($B$3)+4*(ROW($B7)-ROW($B$3))+1) -> 147 | J7: =INDEX('Обработка исходного'!M:M,ROW($B$3)+4*(ROW($B7)-ROW($B$3))+1) -> 137 | K7: =INDEX('Обработка исходного'!N:N,ROW($B$3)+4*(ROW($B7)-ROW($B$3))+1) -> - | L7: =INDEX('Обработка исходного'!O:O,ROW($B$3)+4*(ROW($B7)-ROW($B$3))+1) -> - | M7: =INDEX('Обработка исходного'!P:P,ROW($B$3)+4*(ROW($B7)-ROW($B$3))+1) -> - | N7: =INDEX('Обработка исходного'!Q:Q,ROW($B$3)+4*(ROW($B7)-ROW($B$3))+1) -> - | O7: =INDEX('Обработка исходного'!R:R,ROW($B$3)+4*(ROW($B7)-ROW($B$3))+1) -> - | P7: =INDEX('Обработка исходного'!S:S,ROW($B$3)+4*(ROW($B7)-ROW($B$3))+1) -> -
A8: =INDEX('Обработка исходного'!B:B,ROW($B$3)+4*(ROW($B8)-ROW($B$3))) -> Сталь углеродистая | B8: =INDEX('Обработка исходного'!D:D,ROW($B$3)+4*(ROW($B8)-ROW($B$3))) -> Ст3сп5 | C8: =IF(ISBLANK(INDEX('Обработка исходного'!E:E,ROW($B$3)+4*(ROW($B8)-ROW($B$3)))),"",INDEX('Обработка исходного'!E:E,ROW($B$3)+4*(ROW($B8)-ROW($B$3)))) -> Поковки диаметром или толщиной до 300 мм, КП195* | D8: =INDEX('Обработка исходного'!G:G,ROW($B$3)+4*(ROW($B8)-ROW($B$3))+1) -> 195 | E8: =INDEX('Обработка исходного'!H:H,ROW($B$3)+4*(ROW($B8)-ROW($B$3))+1) -> 195 | F8: =INDEX('Обработка исходного'!I:I,ROW($B$3)+4*(ROW($B8)-ROW($B$3))+1) -> 195 | G8: =INDEX('Обработка исходного'!J:J,ROW($B$3)+4*(ROW($B8)-ROW($B$3))+1) -> 195 | H8: =INDEX('Обработка исходного'!K:K,ROW($B$3)+4*(ROW($B8)-ROW($B$3))+1) -> 177 | I8: =INDEX('Обработка исходного'!L:L,ROW($B$3)+4*(ROW($B8)-ROW($B$3))+1) -> 167 | J8: =INDEX('Обработка исходного'!M:M,ROW($B$3)+4*(ROW($B8)-ROW($B$3))+1) -> 147 | K8: =INDEX('Обработка исходного'!N:N,ROW($B$3)+4*(ROW($B8)-ROW($B$3))+1) -> - | L8: =INDEX('Обработка исходного'!O:O,ROW($B$3)+4*(ROW($B8)-ROW($B$3))+1) -> - | M8: =INDEX('Обработка исходного'!P:P,ROW($B$3)+4*(ROW($B8)-ROW($B$3))+1) -> - | N8: =INDEX('Обработка исходного'!Q:Q,ROW($B$3)+4*(ROW($B8)-ROW($B$3))+1) -> - | O8: =INDEX('Обработка исходного'!R:R,ROW($B$3)+4*(ROW($B8)-ROW($B$3))+1) -> - | P8: =INDEX('Обработка исходного'!S:S,ROW($B$3)+4*(ROW($B8)-ROW($B$3))+1) -> -
A9: =INDEX('Обработка исходного'!B:B,ROW($B$3)+4*(ROW($B9)-ROW($B$3))) -> Сталь углеродистая | B9: =INDEX('Обработка исходного'!D:D,ROW($B$3)+4*(ROW($B9)-ROW($B$3))) -> Ст3сп5 | C9: =IF(ISBLANK(INDEX('Обработка исходного'!E:E,ROW($B$3)+4*(ROW($B9)-ROW($B$3)))),"",INDEX('Обработка исходного'!E:E,ROW($B$3)+4*(ROW($B9)-ROW($B$3)))) -> Поковки диаметром или толщиной до 50 мм, КП215* | D9: =INDEX('Обработка исходного'!G:G,ROW($B$3)+4*(ROW($B9)-ROW($B$3))+1) -> 215 | E9: =INDEX('Обработка исходного'!H:H,ROW($B$3)+4*(ROW($B9)-ROW($B$3))+1) -> 206 | F9: =INDEX('Обработка исходного'!I:I,ROW($B$3)+4*(ROW($B9)-ROW($B$3))+1) -> 206 | G9: =INDEX('Обработка исходного'!J:J,ROW($B$3)+4*(ROW($B9)-ROW($B$3))+1) -> 206 | H9: =INDEX('Обработка исходного'!K:K,ROW($B$3)+4*(ROW($B9)-ROW($B$3))+1) -> 196 | I9: =INDEX('Обработка исходного'!L:L,ROW($B$3)+4*(ROW($B9)-ROW($B$3))+1) -> 196 | J9: =INDEX('Обработка исходного'!M:M,ROW($B$3)+4*(ROW($B9)-ROW($B$3))+1) -> 167 | K9: =INDEX('Обработка исходного'!N:N,ROW($B$3)+4*(ROW($B9)-ROW($B$3))+1) -> - | L9: =INDEX('Обработка исходного'!O:O,ROW($B$3)+4*(ROW($B9)-ROW($B$3))+1) -> - | M9: =INDEX('Обработка исходного'!P:P,ROW($B$3)+4*(ROW($B9)-ROW($B$3))+1) -> - | N9: =INDEX('Обработка исходного'!Q:Q,ROW($B$3)+4*(ROW($B9)-ROW($B$3))+1) -> - | O9: =INDEX('Обработка исходного'!R:R,ROW($B$3)+4*(ROW($B9)-ROW($B$3))+1) -> - | P9: =INDEX('Обработка исходного'!S:S,ROW($B$3)+4*(ROW($B9)-ROW($B$3))+1) -> -
A10: =INDEX('Обработка исходного'!B:B,ROW($B$3)+4*(ROW($B10)-ROW($B$3))) -> Сталь углеродистая | B10: =INDEX('Обработка исходного'!D:D,ROW($B$3)+4*(ROW($B10)-ROW($B$3))) -> 10 | C10: =IF(ISBLANK(INDEX('Обработка исходного'!E:E,ROW($B$3)+4*(ROW($B10)-ROW($B$3)))),"",INDEX('Обработка исходного'!E:E,ROW($B$3)+4*(ROW($B10)-ROW($B$3)))) -> Трубы холодно- и теплодеформированные бесшовные | D10: =INDEX('Обработка исходного'!G:G,ROW($B$3)+4*(ROW($B10)-ROW($B$3))+1) -> 206 | E10: =INDEX('Обработка исходного'!H:H,ROW($B$3)+4*(ROW($B10)-ROW($B$3))+1) -> 196 | F10: =INDEX('Обработка исходного'!I:I,ROW($B$3)+4*(ROW($B10)-ROW($B$3))+1) -> 195 | G10: =INDEX('Обработка исходного'!J:J,ROW($B$3)+4*(ROW($B10)-ROW($B$3))+1) -> 181 | H10: =INDEX('Обработка исходного'!K:K,ROW($B$3)+4*(ROW($B10)-ROW($B$3))+1) -> 176 | I10: =INDEX('Обработка исходного'!L:L,ROW($B$3)+4*(ROW($B10)-ROW($B$3))+1) -> 157 | J10: =INDEX('Обработка исходного'!M:M,ROW($B$3)+4*(ROW($B10)-ROW($B$3))+1) -> 137 | K10: =INDEX('Обработка исходного'!N:N,ROW($B$3)+4*(ROW($B10)-ROW($B$3))+1) -> 118 | L10: =INDEX('Обработка исходного'!O:O,ROW($B$3)+4*(ROW($B10)-ROW($B$3))+1) -> - | M10: =INDEX('Обработка исходного'!P:P,ROW($B$3)+4*(ROW($B10)-ROW($B$3))+1) -> - | N10: =INDEX('Обработка исходного'!Q:Q,ROW($B$3)+4*(ROW($B10)-ROW($B$3))+1) -> - | O10: =INDEX('Обработка исходного'!R:R,ROW($B$3)+4*(ROW($B10)-ROW($B$3))+1) -> - | P10: =INDEX('Обработка исходного'!S:S,ROW($B$3)+4*(ROW($B10)-ROW($B$3))+1) -> -
A11: =INDEX('Обработка исходного'!B:B,ROW($B$3)+4*(ROW($B11)-ROW($B$3))) -> Сталь углеродистая | B11: =INDEX('Обработка исходного'!D:D,ROW($B$3)+4*(ROW($B11)-ROW($B$3))) -> 10 | C11: =IF(ISBLANK(INDEX('Обработка исходного'!E:E,ROW($B$3)+4*(ROW($B11)-ROW($B$3)))),"",INDEX('Обработка исходного'!E:E,ROW($B$3)+4*(ROW($B11)-ROW($B$3)))) -> Сортовая горячекатаная и кованая сталь толщиной или диаметром до 80 мм | D11: =INDEX('Обработка исходного'!G:G,ROW($B$3)+4*(ROW($B11)-ROW($B$3))+1) -> 186 | E11: =INDEX('Обработка исходного'!H:H,ROW($B$3)+4*(ROW($B11)-ROW($B$3))+1) -> 186 | F11: =INDEX('Обработка исходного'!I:I,ROW($B$3)+4*(ROW($B11)-ROW($B$3))+1) -> 186 | G11: =INDEX('Обработка исходного'!J:J,ROW($B$3)+4*(ROW($B11)-ROW($B$3))+1) -> 177 | H11: =INDEX('Обработка исходного'!K:K,ROW($B$3)+4*(ROW($B11)-ROW($B$3))+1) -> 177 | I11: =INDEX('Обработка исходного'!L:L,ROW($B$3)+4*(ROW($B11)-ROW($B$3))+1) -> 157 | J11: =INDEX('Обработка исходного'!M:M,ROW($B$3)+4*(ROW($B11)-ROW($B$3))+1) -> 137 | K11: =INDEX('Обработка исходного'!N:N,ROW($B$3)+4*(ROW($B11)-ROW($B$3))+1) -> 118 | L11: =INDEX('Обработка исходного'!O:O,ROW($B$3)+4*(ROW($B11)-ROW($B$3))+1) -> - | M11: =INDEX('Обработка исходного'!P:P,ROW($B$3)+4*(ROW($B11)-ROW($B$3))+1) -> - | N11: =INDEX('Обработка исходного'!Q:Q,ROW($B$3)+4*(ROW($B11)-ROW($B$3))+1) -> - | O11: =INDEX('Обработка исходного'!R:R,ROW($B$3)+4*(ROW($B11)-ROW($B$3))+1) -> - | P11: =INDEX('Обработка исходного'!S:S,ROW($B$3)+4*(ROW($B11)-ROW($B$3))+1) -> -
A12: =INDEX('Обработка исходного'!B:B,ROW($B$3)+4*(ROW($B12)-ROW($B$3))) -> Сталь углеродистая | B12: =INDEX('Обработка исходного'!D:D,ROW($B$3)+4*(ROW($B12)-ROW($B$3))) -> 15 | C12: =IF(ISBLANK(INDEX('Обработка исходного'!E:E,ROW($B$3)+4*(ROW($B12)-ROW($B$3)))),"",INDEX('Обработка исходного'!E:E,ROW($B$3)+4*(ROW($B12)-ROW($B$3)))) -> Сортовая горячекатаная сталь толщиной или диаметром до 80 мм | D12: =INDEX('Обработка исходного'!G:G,ROW($B$3)+4*(ROW($B12)-ROW($B$3))+1) -> 226 | E12: =INDEX('Обработка исходного'!H:H,ROW($B$3)+4*(ROW($B12)-ROW($B$3))+1) -> 216 | F12: =INDEX('Обработка исходного'!I:I,ROW($B$3)+4*(ROW($B12)-ROW($B$3))+1) -> 216 | G12: =INDEX('Обработка исходного'!J:J,ROW($B$3)+4*(ROW($B12)-ROW($B$3))+1) -> 196 | H12: =INDEX('Обработка исходного'!K:K,ROW($B$3)+4*(ROW($B12)-ROW($B$3))+1) -> 196 | I12: =INDEX('Обработка исходного'!L:L,ROW($B$3)+4*(ROW($B12)-ROW($B$3))+1) -> 196 | J12: =INDEX('Обработка исходного'!M:M,ROW($B$3)+4*(ROW($B12)-ROW($B$3))+1) -> 196 | K12: =INDEX('Обработка исходного'!N:N,ROW($B$3)+4*(ROW($B12)-ROW($B$3))+1) -> 196 | L12: =INDEX('Обработка исходного'!O:O,ROW($B$3)+4*(ROW($B12)-ROW($B$3))+1) -> - | M12: =INDEX('Обработка исходного'!P:P,ROW($B$3)+4*(ROW($B12)-ROW($B$3))+1) -> - | N12: =INDEX('Обработка исходного'!Q:Q,ROW($B$3)+4*(ROW($B12)-ROW($B$3))+1) -> - | O12: =INDEX('Обработка исходного'!R:R,ROW($B$3)+4*(ROW($B12)-ROW($B$3))+1) -> - | P12: =INDEX('Обработка исходного'!S:S,ROW($B$3)+4*(ROW($B12)-ROW($B$3))+1) -> -
A13: =INDEX('Обработка исходного'!B:B,ROW($B$3)+4*(ROW($B13)-ROW($B$3))) -> Сталь углеродистая | B13: =INDEX('Обработка исходного'!D:D,ROW($B$3)+4*(ROW($B13)-ROW($B$3))) -> 15 | C13: =IF(ISBLANK(INDEX('Обработка исходного'!E:E,ROW($B$3)+4*(ROW($B13)-ROW($B$3)))),"",INDEX('Обработка исходного'!E:E,ROW($B$3)+4*(ROW($B13)-ROW($B$3)))) -> Поковки диаметром до 300 мм, КП175* | D13: =INDEX('Обработка исходного'!G:G,ROW($B$3)+4*(ROW($B13)-ROW($B$3))+1) -> 175 | E13: =INDEX('Обработка исходного'!H:H,ROW($B$3)+4*(ROW($B13)-ROW($B$3))+1) -> 167 | F13: =INDEX('Обработка исходного'!I:I,ROW($B$3)+4*(ROW($B13)-ROW($B$3))+1) -> 157 | G13: =INDEX('Обработка исходного'!J:J,ROW($B$3)+4*(ROW($B13)-ROW($B$3))+1) -> 147 | H13: =INDEX('Обработка исходного'!K:K,ROW($B$3)+4*(ROW($B13)-ROW($B$3))+1) -> 147 | I13: =INDEX('Обработка исходного'!L:L,ROW($B$3)+4*(ROW($B13)-ROW($B$3))+1) -> 128 | J13: =INDEX('Обработка исходного'!M:M,ROW($B$3)+4*(ROW($B13)-ROW($B$3))+1) -> 118 | K13: =INDEX('Обработка исходного'!N:N,ROW($B$3)+4*(ROW($B13)-ROW($B$3))+1) -> 118 | L13: =INDEX('Обработка исходного'!O:O,ROW($B$3)+4*(ROW($B13)-ROW($B$3))+1) -> - | M13: =INDEX('Обработка исходного'!P:P,ROW($B$3)+4*(ROW($B13)-ROW($B$3))+1) -> - | N13: =INDEX('Обработка исходного'!Q:Q,ROW($B$3)+4*(ROW($B13)-ROW($B$3))+1) -> - | O13: =INDEX('Обработка исходного'!R:R,ROW($B$3)+4*(ROW($B13)-ROW($B$3))+1) -> - | P13: =INDEX('Обработка исходного'!S:S,ROW($B$3)+4*(ROW($B13)-ROW($B$3))+1) -> -
A14: =INDEX('Обработка исходного'!B:B,ROW($B$3)+4*(ROW($B14)-ROW($B$3))) -> Сталь углеродистая | B14: =INDEX('Обработка исходного'!D:D,ROW($B$3)+4*(ROW($B14)-ROW($B$3))) -> 15 | C14: =IF(ISBLANK(INDEX('Обработка исходного'!E:E,ROW($B$3)+4*(ROW($B14)-ROW($B$3)))),"",INDEX('Обработка исходного'!E:E,ROW($B$3)+4*(ROW($B14)-ROW($B$3)))) -> Поковки диаметром до 100 мм, КП195* | D14: =INDEX('Обработка исходного'!G:G,ROW($B$3)+4*(ROW($B14)-ROW($B$3))+1) -> 195 | E14: =INDEX('Обработка исходного'!H:H,ROW($B$3)+4*(ROW($B14)-ROW($B$3))+1) -> 195 | F14: =INDEX('Обработка исходного'!I:I,ROW($B$3)+4*(ROW($B14)-ROW($B$3))+1) -> 177 | G14: =INDEX('Обработка исходного'!J:J,ROW($B$3)+4*(ROW($B14)-ROW($B$3))+1) -> 167 | H14: =INDEX('Обработка исходного'!K:K,ROW($B$3)+4*(ROW($B14)-ROW($B$3))+1) -> 167 | I14: =INDEX('Обработка исходного'!L:L,ROW($B$3)+4*(ROW($B14)-ROW($B$3))+1) -> 147 | J14: =INDEX('Обработка исходного'!M:M,ROW($B$3)+4*(ROW($B14)-ROW($B$3))+1) -> 128 | K14: =INDEX('Обработка исходного'!N:N,ROW($B$3)+4*(ROW($B14)-ROW($B$3))+1) -> 128 | L14: =INDEX('Обработка исходного'!O:O,ROW($B$3)+4*(ROW($B14)-ROW($B$3))+1) -> - | M14: =INDEX('Обработка исходного'!P:P,ROW($B$3)+4*(ROW($B14)-ROW($B$3))+1) -> - | N14: =INDEX('Обработка исходного'!Q:Q,ROW($B$3)+4*(ROW($B14)-ROW($B$3))+1) -> - | O14: =INDEX('Обработка исходного'!R:R,ROW($B$3)+4*(ROW($B14)-ROW($B$3))+1) -> - | P14: =INDEX('Обработка исходного'!S:S,ROW($B$3)+4*(ROW($B14)-ROW($B$3))+1) -> -
... A359: =INDEX('Обработка исходного'!B:B,ROW($B$3)+4*(ROW($B359)-ROW($B$3))) -> Сплав на железоникелевой основе | B359: =INDEX('Обработка исходного'!D:D,ROW($B$3)+4*(ROW($B359)-ROW($B$3))) -> Сплав 0Х20Н46Б | C359: =IF(ISBLANK(INDEX('Обработка исходного'!E:E,ROW($B$3)+4*(ROW($B359)-ROW($B$3)))),"",INDEX('Обработка исходного'!E:E,ROW($B$3)+4*(ROW($B359)-ROW($B$3)))) -> Прутки круглого и квадратного сечения толщиной или диаметром от 30 до 170 мм | D359: =INDEX('Обработка исходного'!G:G,ROW($B$3)+4*(ROW($B359)-ROW($B$3))+1) -> 206 | E359: =INDEX('Обработка исходного'!H:H,ROW($B$3)+4*(ROW($B359)-ROW($B$3))+1) -> 196 | F359: =INDEX('Обработка исходного'!I:I,ROW($B$3)+4*(ROW($B359)-ROW($B$3))+1) -> 196 | G359: =INDEX('Обработка исходного'!J:J,ROW($B$3)+4*(ROW($B359)-ROW($B$3))+1) -> 186 | H359: =INDEX('Обработка исходного'!K:K,ROW($B$3)+4*(ROW($B359)-ROW($B$3))+1) -> 177 | I359: =INDEX('Обработка исходного'!L:L,ROW($B$3)+4*(ROW($B359)-ROW($B$3))+1) -> 177 | J359: =INDEX('Обработка исходного'!M:M,ROW($B$3)+4*(ROW($B359)-ROW($B$3))+1) -> 177 | K359: =INDEX('Обработка исходного'!N:N,ROW($B$3)+4*(ROW($B359)-ROW($B$3))+1) -> 167 | L359: =INDEX('Обработка исходного'!O:O,ROW($B$3)+4*(ROW($B359)-ROW($B$3))+1) -> 167 | M359: =INDEX('Обработка исходного'!P:P,ROW($B$3)+4*(ROW($B359)-ROW($B$3))+1) -> 167 | N359: =INDEX('Обработка исходного'!Q:Q,ROW($B$3)+4*(ROW($B359)-ROW($B$3))+1) -> 167 | O359: =INDEX('Обработка исходного'!R:R,ROW($B$3)+4*(ROW($B359)-ROW($B$3))+1) -> 167 | P359: =INDEX('Обработка исходного'!S:S,ROW($B$3)+4*(ROW($B359)-ROW($B$3))+1) -> 157

Sheet A, %
A1: Класс материала | B1: Марка стали или сплава | C1: Сортамент | D1: Температура, К (°С)
D2: 20 | E2: 50 | F2: 100 | G2: 150 | H2: 200 | I2: 250 | J2: 300 | K2: 350 | L2: 400 | M2: 450 | N2: 500 | O2: 550 | P2: 600
A3: =INDEX('Обработка исходного'!B:B,ROW($B$3)+4*(ROW($B3)-ROW($B$3))) -> Сталь углеродистая | B3: =INDEX('Обработка исходного'!D:D,ROW($B$3)+4*(ROW($B3)-ROW($B$3))) -> Ст3сп5 | C3: =IF(ISBLANK(INDEX('Обработка исходного'!E:E,ROW($B$3)+4*(ROW($B3)-ROW($B$3)))),"",INDEX('Обработка исходного'!E:E,ROW($B$3)+4*(ROW($B3)-ROW($B$3)))) -> Горячекатаная сортовая фасонная и листовая сталь толщиной до 20 мм | D3: =INDEX('Обработка исходного'!G:G,ROW($B$3)+4*(ROW($B3)-ROW($B$3))+2) -> 26 | E3: =INDEX('Обработка исходного'!H:H,ROW($B$3)+4*(ROW($B3)-ROW($B$3))+2) -> 24 | F3: =INDEX('Обработка исходного'!I:I,ROW($B$3)+4*(ROW($B3)-ROW($B$3))+2) -> 22 | G3: =INDEX('Обработка исходного'!J:J,ROW($B$3)+4*(ROW($B3)-ROW($B$3))+2) -> 20 | H3: =INDEX('Обработка исходного'!K:K,ROW($B$3)+4*(ROW($B3)-ROW($B$3))+2) -> 20 | I3: =INDEX('Обработка исходного'!L:L,ROW($B$3)+4*(ROW($B3)-ROW($B$3))+2) -> 20 | J3: =INDEX('Обработка исходного'!M:M,ROW($B$3)+4*(ROW($B3)-ROW($B$3))+2) -> 20 | K3: =INDEX('Обработка исходного'!N:N,ROW($B$3)+4*(ROW($B3)-ROW($B$3))+2) -> - | L3: =INDEX('Обработка исходного'!O:O,ROW($B$3)+4*(ROW($B3)-ROW($B$3))+2) -> - | M3: =INDEX('Обработка исходного'!P:P,ROW($B$3)+4*(ROW($B3)-ROW($B$3))+2) -> - | N3: =INDEX('Обработка исходного'!Q:Q,ROW($B$3)+4*(ROW($B3)-ROW($B$3))+2) -> - | O3: =INDEX('Обработка исходного'!R:R,ROW($B$3)+4*(ROW($B3)-ROW($B$3))+2) -> - | P3: =INDEX('Обработка исходного'!S:S,ROW($B$3)+4*(ROW($B3)-ROW($B$3))+2) -> -
A4: =INDEX('Обработка исходного'!B:B,ROW($B$3)+4*(ROW($B4)-ROW($B$3))) -> Сталь углеродистая | B4: =INDEX('Обработка исходного'!D:D,ROW($B$3)+4*(ROW($B4)-ROW($B$3))) -> Ст3сп5 | C4: =IF(ISBLANK(INDEX('Обработка исходного'!E:E,ROW($B$3)+4*(ROW($B4)-ROW($B$3)))),"",INDEX('Обработка исходного'!E:E,ROW($B$3)+4*(ROW($B4)-ROW($B$3)))) -> Горячекатаная сортовая фасонная и листовая сталь толщиной от 20 до 100 мм | D4: =INDEX('Обработка исходного'!G:G,ROW($B$3)+4*(ROW($B4)-ROW($B$3))+2) -> 23 | E4: =INDEX('Обработка исходного'!H:H,ROW($B$3)+4*(ROW($B4)-ROW($B$3))+2) -> 21 | F4: =INDEX('Обработка исходного'!I:I,ROW($B$3)+4*(ROW($B4)-ROW($B$3))+2) -> 19 | G4: =INDEX('Обработка исходного'!J:J,ROW($B$3)+4*(ROW($B4)-ROW($B$3))+2) -> 18 | H4: =INDEX('Обработка исходного'!K:K,ROW($B$3)+4*(ROW($B4)-ROW($B$3))+2) -> 18 | I4: =INDEX('Обработка исходного'!L:L,ROW($B$3)+4*(ROW($B4)-ROW($B$3))+2) -> 18 | J4: =INDEX('Обработка исходного'!M:M,ROW($B$3)+4*(ROW($B4)-ROW($B$3))+2) -> 18 | K4: =INDEX('Обработка исходного'!N:N,ROW($B$3)+4*(ROW($B4)-ROW($B$3))+2) -> - | L4: =INDEX('Обработка исходного'!O:O,ROW($B$3)+4*(ROW($B4)-ROW($B$3))+2) -> - | M4: =INDEX('Обработка исходного'!P:P,ROW($B$3)+4*(ROW($B4)-ROW($B$3))+2) -> - | N4: =INDEX('Обработка исходного'!Q:Q,ROW($B$3)+4*(ROW($B4)-ROW($B$3))+2) -> - | O4: =INDEX('Обработка исходного'!R:R,ROW($B$3)+4*(ROW($B4)-ROW($B$3))+2) -> - | P4: =INDEX('Обработка исходного'!S:S,ROW($B$3)+4*(ROW($B4)-ROW($B$3))+2) -> -
A5: =INDEX('Обработка исходного'!B:B,ROW($B$3)+4*(ROW($B5)-ROW($B$3))) -> Сталь углеродистая | B5: =INDEX('Обработка исходного'!D:D,ROW($B$3)+4*(ROW($B5)-ROW($B$3))) -> Ст3сп5 | C5: =IF(ISBLANK(INDEX('Обработка исходного'!E:E,ROW($B$3)+4*(ROW($B5)-ROW($B$3)))),"",INDEX('Обработка исходного'!E:E,ROW($B$3)+4*(ROW($B5)-ROW($B$3)))) -> Горячекатаная сортовая фасонная и листовая сталь толщиной более 100 мм | D5: =INDEX('Обработка исходного'!G:G,ROW($B$3)+4*(ROW($B5)-ROW($B$3))+2) -> 23 | E5: =INDEX('Обработка исходного'!H:H,ROW($B$3)+4*(ROW($B5)-ROW($B$3))+2) -> 21 | F5: =INDEX('Обработка исходного'!I:I,ROW($B$3)+4*(ROW($B5)-ROW($B$3))+2) -> 19 | G5: =INDEX('Обработка исходного'!J:J,ROW($B$3)+4*(ROW($B5)-ROW($B$3))+2) -> 18 | H5: =INDEX('Обработка исходного'!K:K,ROW($B$3)+4*(ROW($B5)-ROW($B$3))+2) -> 18 | I5: =INDEX('Обработка исходного'!L:L,ROW($B$3)+4*(ROW($B5)-ROW($B$3))+2) -> 18 | J5: =INDEX('Обработка исходного'!M:M,ROW($B$3)+4*(ROW($B5)-ROW($B$3))+2) -> 18 | K5: =INDEX('Обработка исходного'!N:N,ROW($B$3)+4*(ROW($B5)-ROW($B$3))+2) -> - | L5: =INDEX('Обработка исходного'!O:O,ROW($B$3)+4*(ROW($B5)-ROW($B$3))+2) -> - | M5: =INDEX('Обработка исходного'!P:P,ROW($B$3)+4*(ROW($B5)-ROW($B$3))+2) -> - | N5: =INDEX('Обработка исходного'!Q:Q,ROW($B$3)+4*(ROW($B5)-ROW($B$3))+2) -> - | O5: =INDEX('Обработка исходного'!R:R,ROW($B$3)+4*(ROW($B5)-ROW($B$3))+2) -> - | P5: =INDEX('Обработка исходного'!S:S,ROW($B$3)+4*(ROW($B5)-ROW($B$3))+2) -> -
A6: =INDEX('Обработка исходного'!B:B,ROW($B$3)+4*(ROW($B6)-ROW($B$3))) -> Сталь углеродистая | B6: =INDEX('Обработка исходного'!D:D,ROW($B$3)+4*(ROW($B6)-ROW($B$3))) -> Ст3сп5 | C6: =IF(ISBLANK(INDEX('Обработка исходного'!E:E,ROW($B$3)+4*(ROW($B6)-ROW($B$3)))),"",INDEX('Обработка исходного'!E:E,ROW($B$3)+4*(ROW($B6)-ROW($B$3)))) -> Трубы | D6: =INDEX('Обработка исходного'!G:G,ROW($B$3)+4*(ROW($B6)-ROW($B$3))+2) -> 23 | E6: =INDEX('Обработка исходного'!H:H,ROW($B$3)+4*(ROW($B6)-ROW($B$3))+2) -> 21 | F6: =INDEX('Обработка исходного'!I:I,ROW($B$3)+4*(ROW($B6)-ROW($B$3))+2) -> 19 | G6: =INDEX('Обработка исходного'!J:J,ROW($B$3)+4*(ROW($B6)-ROW($B$3))+2) -> 18 | H6: =INDEX('Обработка исходного'!K:K,ROW($B$3)+4*(ROW($B6)-ROW($B$3))+2) -> 18 | I6: =INDEX('Обработка исходного'!L:L,ROW($B$3)+4*(ROW($B6)-ROW($B$3))+2) -> 18 | J6: =INDEX('Обработка исходного'!M:M,ROW($B$3)+4*(ROW($B6)-ROW($B$3))+2) -> 18 | K6: =INDEX('Обработка исходного'!N:N,ROW($B$3)+4*(ROW($B6)-ROW($B$3))+2) -> - | L6: =INDEX('Обработка исходного'!O:O,ROW($B$3)+4*(ROW($B6)-ROW($B$3))+2) -> - | M6: =INDEX('Обработка исходного'!P:P,ROW($B$3)+4*(ROW($B6)-ROW($B$3))+2) -> - | N6: =INDEX('Обработка исходного'!Q:Q,ROW($B$3)+4*(ROW($B6)-ROW($B$3))+2) -> - | O6: =INDEX('Обработка исходного'!R:R,ROW($B$3)+4*(ROW($B6)-ROW($B$3))+2) -> - | P6: =INDEX('Обработка исходного'!S:S,ROW($B$3)+4*(ROW($B6)-ROW($B$3))+2) -> -
A7: =INDEX('Обработка исходного'!B:B,ROW($B$3)+4*(ROW($B7)-ROW($B$3))) -> Сталь углеродистая | B7: =INDEX('Обработка исходного'!D:D,ROW($B$3)+4*(ROW($B7)-ROW($B$3))) -> Ст3сп5 | C7: =IF(ISBLANK(INDEX('Обработка исходного'!E:E,ROW($B$3)+4*(ROW($B7)-ROW($B$3)))),"",INDEX('Обработка исходного'!E:E,ROW($B$3)+4*(ROW($B7)-ROW($B$3)))) -> Поковки диаметром или толщиной до 300 мм, КП175* | D7: =INDEX('Обработка исходного'!G:G,ROW($B$3)+4*(ROW($B7)-ROW($B$3))+2) -> 24 | E7: =INDEX('Обработка исходного'!H:H,ROW($B$3)+4*(ROW($B7)-ROW($B$3))+2) -> 22 | F7: =INDEX('Обработка исходного'!I:I,ROW($B$3)+4*(ROW($B7)-ROW($B$3))+2) -> 20 | G7: =INDEX('Обработка исходного'!J:J,ROW($B$3)+4*(ROW($B7)-ROW($B$3))+2) -> 18 | H7: =INDEX('Обработка исходного'!K:K,ROW($B$3)+4*(ROW($B7)-ROW($B$3))+2) -> 17 | I7: =INDEX('Обработка исходного'!L:L,ROW($B$3)+4*(ROW($B7)-ROW($B$3))+2) -> 17 | J7: =INDEX('Обработка исходного'!M:M,ROW($B$3)+4*(ROW($B7)-ROW($B$3))+2) -> 17 | K7: =INDEX('Обработка исходного'!N:N,ROW($B$3)+4*(ROW($B7)-ROW($B$3))+2) -> - | L7: =INDEX('Обработка исходного'!O:O,ROW($B$3)+4*(ROW($B7)-ROW($B$3))+2) -> - | M7: =INDEX('Обработка исходного'!P:P,ROW($B$3)+4*(ROW($B7)-ROW($B$3))+2) -> - | N7: =INDEX('Обработка исходного'!Q:Q,ROW($B$3)+4*(ROW($B7)-ROW($B$3))+2) -> - | O7: =INDEX('Обработка исходного'!R:R,ROW($B$3)+4*(ROW($B7)-ROW($B$3))+2) -> - | P7: =INDEX('Обработка исходного'!S:S,ROW($B$3)+4*(ROW($B7)-ROW($B$3))+2) -> -
A8: =INDEX('Обработка исходного'!B:B,ROW($B$3)+4*(ROW($B8)-ROW($B$3))) -> Сталь углеродистая | B8: =INDEX('Обработка исходного'!D:D,ROW($B$3)+4*(ROW($B8)-ROW($B$3))) -> Ст3сп5 | C8: =IF(ISBLANK(INDEX('Обработка исходного'!E:E,ROW($B$3)+4*(ROW($B8)-ROW($B$3)))),"",INDEX('Обработка исходного'!E:E,ROW($B$3)+4*(ROW($B8)-ROW($B$3)))) -> Поковки диаметром или толщиной до 300 мм, КП195* | D8: =INDEX('Обработка исходного'!G:G,ROW($B$3)+4*(ROW($B8)-ROW($B$3))+2) -> 23 | E8: =INDEX('Обработка исходного'!H:H,ROW($B$3)+4*(ROW($B8)-ROW($B$3))+2) -> 21 | F8: =INDEX('Обработка исходного'!I:I,ROW($B$3)+4*(ROW($B8)-ROW($B$3))+2) -> 20 | G8: =INDEX('Обработка исходного'!J:J,ROW($B$3)+4*(ROW($B8)-ROW($B$3))+2) -> 18 | H8: =INDEX('Обработка исходного'!K:K,ROW($B$3)+4*(ROW($B8)-ROW($B$3))+2) -> 18 | I8: =INDEX('Обработка исходного'!L:L,ROW($B$3)+4*(ROW($B8)-ROW($B$3))+2) -> 18 | J8: =INDEX('Обработка исходного'!M:M,ROW($B$3)+4*(ROW($B8)-ROW($B$3))+2) -> 18 | K8: =INDEX('Обработка исходного'!N:N,ROW($B$3)+4*(ROW($B8)-ROW($B$3))+2) -> - | L8: =INDEX('Обработка исходного'!O:O,ROW($B$3)+4*(ROW($B8)-ROW($B$3))+2) -> - | M8: =INDEX('Обработка исходного'!P:P,ROW($B$3)+4*(ROW($B8)-ROW($B$3))+2) -> - | N8: =INDEX('Обработка исходного'!Q:Q,ROW($B$3)+4*(ROW($B8)-ROW($B$3))+2) -> - | O8: =INDEX('Обработка исходного'!R:R,ROW($B$3)+4*(ROW($B8)-ROW($B$3))+2) -> - | P8: =INDEX('Обработка исходного'!S:S,ROW($B$3)+4*(ROW($B8)-ROW($B$3))+2) -> -
A9: =INDEX('Обработка исходного'!B:B,ROW($B$3)+4*(ROW($B9)-ROW($B$3))) -> Сталь углеродистая | B9: =INDEX('Обработка исходного'!D:D,ROW($B$3)+4*(ROW($B9)-ROW($B$3))) -> Ст3сп5 | C9: =IF(ISBLANK(INDEX('Обработка исходного'!E:E,ROW($B$3)+4*(ROW($B9)-ROW($B$3)))),"",INDEX('Обработка исходного'!E:E,ROW($B$3)+4*(ROW($B9)-ROW($B$3)))) -> Поковки диаметром или толщиной до 50 мм, КП215* | D9: =INDEX('Обработка исходного'!G:G,ROW($B$3)+4*(ROW($B9)-ROW($B$3))+2) -> 23 | E9: =INDEX('Обработка исходного'!H:H,ROW($B$3)+4*(ROW($B9)-ROW($B$3))+2) -> 21 | F9: =INDEX('Обработка исходного'!I:I,ROW($B$3)+4*(ROW($B9)-ROW($B$3))+2) -> 20 | G9: =INDEX('Обработка исходного'!J:J,ROW($B$3)+4*(ROW($B9)-ROW($B$3))+2) -> 18 | H9: =INDEX('Обработка исходного'!K:K,ROW($B$3)+4*(ROW($B9)-ROW($B$3))+2) -> 18 | I9: =INDEX('Обработка исходного'!L:L,ROW($B$3)+4*(ROW($B9)-ROW($B$3))+2) -> 18 | J9: =INDEX('Обработка исходного'!M:M,ROW($B$3)+4*(ROW($B9)-ROW($B$3))+2) -> 18 | K9: =INDEX('Обработка исходного'!N:N,ROW($B$3)+4*(ROW($B9)-ROW($B$3))+2) -> - | L9: =INDEX('Обработка исходного'!O:O,ROW($B$3)+4*(ROW($B9)-ROW($B$3))+2) -> - | M9: =INDEX('Обработка исходного'!P:P,ROW($B$3)+4*(ROW($B9)-ROW($B$3))+2) -> - | N9: =INDEX('Обработка исходного'!Q:Q,ROW($B$3)+4*(ROW($B9)-ROW($B$3))+2) -> - | O9: =INDEX('Обработка исходного'!R:R,ROW($B$3)+4*(ROW($B9)-ROW($B$3))+2) -> - | P9: =INDEX('Обработка исходного'!S:S,ROW($B$3)+4*(ROW($B9)-ROW($B$3))+2) -> -
A10: =INDEX('Обработка исходного'!B:B,ROW($B$3)+4*(ROW($B10)-ROW($B$3))) -> Сталь углеродистая | B10: =INDEX('Обработка исходного'!D:D,ROW($B$3)+4*(ROW($B10)-ROW($B$3))) -> 10 | C10: =IF(ISBLANK(INDEX('Обработка исходного'!E:E,ROW($B$3)+4*(ROW($B10)-ROW($B$3)))),"",INDEX('Обработка исходного'!E:E,ROW($B$3)+4*(ROW($B10)-ROW($B$3)))) -> Трубы холодно- и теплодеформированные бесшовные | D10: =INDEX('Обработка исходного'!G:G,ROW($B$3)+4*(ROW($B10)-ROW($B$3))+2) -> 24 | E10: =INDEX('Обработка исходного'!H:H,ROW($B$3)+4*(ROW($B10)-ROW($B$3))+2) -> 20 | F10: =INDEX('Обработка исходного'!I:I,ROW($B$3)+4*(ROW($B10)-ROW($B$3))+2) -> 18 | G10: =INDEX('Обработка исходного'!J:J,ROW($B$3)+4*(ROW($B10)-ROW($B$3))+2) -> 18 | H10: =INDEX('Обработка исходного'!K:K,ROW($B$3)+4*(ROW($B10)-ROW($B$3))+2) -> 19 | I10: =INDEX('Обработка исходного'!L:L,ROW($B$3)+4*(ROW($B10)-ROW($B$3))+2) -> 21 | J10: =INDEX('Обработка исходного'!M:M,ROW($B$3)+4*(ROW($B10)-ROW($B$3))+2) -> 23 | K10: =INDEX('Обработка исходного'!N:N,ROW($B$3)+4*(ROW($B10)-ROW($B$3))+2) -> 24 | L10: =INDEX('Обработка исходного'!O:O,ROW($B$3)+4*(ROW($B10)-ROW($B$3))+2) -> - | M10: =INDEX('Обработка исходного'!P:P,ROW($B$3)+4*(ROW($B10)-ROW($B$3))+2) -> - | N10: =INDEX('Обработка исходного'!Q:Q,ROW($B$3)+4*(ROW($B10)-ROW($B$3))+2) -> - | O10: =INDEX('Обработка исходного'!R:R,ROW($B$3)+4*(ROW($B10)-ROW($B$3))+2) -> - | P10: =INDEX('Обработка исходного'!S:S,ROW($B$3)+4*(ROW($B10)-ROW($B$3))+2) -> -
A11: =INDEX('Обработка исходного'!B:B,ROW($B$3)+4*(ROW($B11)-ROW($B$3))) -> Сталь углеродистая | B11: =INDEX('Обработка исходного'!D:D,ROW($B$3)+4*(ROW($B11)-ROW($B$3))) -> 10 | C11: =IF(ISBLANK(INDEX('Обработка исходного'!E:E,ROW($B$3)+4*(ROW($B11)-ROW($B$3)))),"",INDEX('Обработка исходного'!E:E,ROW($B$3)+4*(ROW($B11)-ROW($B$3)))) -> Сортовая горячекатаная и кованая сталь толщиной или диаметром до 80 мм | D11: =INDEX('Обработка исходного'!G:G,ROW($B$3)+4*(ROW($B11)-ROW($B$3))+2) -> 31 | E11: =INDEX('Обработка исходного'!H:H,ROW($B$3)+4*(ROW($B11)-ROW($B$3))+2) -> 28 | F11: =INDEX('Обработка исходного'!I:I,ROW($B$3)+4*(ROW($B11)-ROW($B$3))+2) -> 26 | G11: =INDEX('Обработка исходного'!J:J,ROW($B$3)+4*(ROW($B11)-ROW($B$3))+2) -> 22 | H11: =INDEX('Обработка исходного'!K:K,ROW($B$3)+4*(ROW($B11)-ROW($B$3))+2) -> 25 | I11: =INDEX('Обработка исходного'!L:L,ROW($B$3)+4*(ROW($B11)-ROW($B$3))+2) -> 24.5 | J11: =INDEX('Обработка исходного'!M:M,ROW($B$3)+4*(ROW($B11)-ROW($B$3))+2) -> 25.5 | K11: =INDEX('Обработка исходного'!N:N,ROW($B$3)+4*(ROW($B11)-ROW($B$3))+2) -> 28 | L11: =INDEX('Обработка исходного'!O:O,ROW($B$3)+4*(ROW($B11)-ROW($B$3))+2) -> - | M11: =INDEX('Обработка исходного'!P:P,ROW($B$3)+4*(ROW($B11)-ROW($B$3))+2) -> - | N11: =INDEX('Обработка исходного'!Q:Q,ROW($B$3)+4*(ROW($B11)-ROW($B$3))+2) -> - | O11: =INDEX('Обработка исходного'!R:R,ROW($B$3)+4*(ROW($B11)-ROW($B$3))+2) -> - | P11: =INDEX('Обработка исходного'!S:S,ROW($B$3)+4*(ROW($B11)-ROW($B$3))+2) -> -
A12: =INDEX('Обработка исходного'!B:B,ROW($B$3)+4*(ROW($B12)-ROW($B$3))) -> Сталь углеродистая | B12: =INDEX('Обработка исходного'!D:D,ROW($B$3)+4*(ROW($B12)-ROW($B$3))) -> 15 | C12: =IF(ISBLANK(INDEX('Обработка исходного'!E:E,ROW($B$3)+4*(ROW($B12)-ROW($B$3)))),"",INDEX('Обработка исходного'!E:E,ROW($B$3)+4*(ROW($B12)-ROW($B$3)))) -> Сортовая горячекатаная сталь толщиной или диаметром до 80 мм | D12: =INDEX('Обработка исходного'!G:G,ROW($B$3)+4*(ROW($B12)-ROW($B$3))+2) -> 27 | E12: =INDEX('Обработка исходного'!H:H,ROW($B$3)+4*(ROW($B12)-ROW($B$3))+2) -> 26 | F12: =INDEX('Обработка исходного'!I:I,ROW($B$3)+4*(ROW($B12)-ROW($B$3))+2) -> 25 | G12: =INDEX('Обработка исходного'!J:J,ROW($B$3)+4*(ROW($B12)-ROW($B$3))+2) -> 25 | H12: =INDEX('Обработка исходного'!K:K,ROW($B$3)+4*(ROW($B12)-ROW($B$3))+2) -> 24 | I12: =INDEX('Обработка исходного'!L:L,ROW($B$3)+4*(ROW($B12)-ROW($B$3))+2) -> 23 | J12: =INDEX('Обработка исходного'!M:M,ROW($B$3)+4*(ROW($B12)-ROW($B$3))+2) -> 23 | K12: =INDEX('Обработка исходного'!N:N,ROW($B$3)+4*(ROW($B12)-ROW($B$3))+2) -> 23 | L12: =INDEX('Обработка исходного'!O:O,ROW($B$3)+4*(ROW($B12)-ROW($B$3))+2) -> - | M12: =INDEX('Обработка исходного'!P:P,ROW($B$3)+4*(ROW($B12)-ROW($B$3))+2) -> - | N12: =INDEX('Обработка исходного'!Q:Q,ROW($B$3)+4*(ROW($B12)-ROW($B$3))+2) -> - | O12: =INDEX('Обработка исходного'!R:R,ROW($B$3)+4*(ROW($B12)-ROW($B$3))+2) -> - | P12: =INDEX('Обработка исходного'!S:S,ROW($B$3)+4*(ROW($B12)-ROW($B$3))+2) -> -
A13: =INDEX('Обработка исходного'!B:B,ROW($B$3)+4*(ROW($B13)-ROW($B$3))) -> Сталь углеродистая | B13: =INDEX('Обработка исходного'!D:D,ROW($B$3)+4*(ROW($B13)-ROW($B$3))) -> 15 | C13: =IF(ISBLANK(INDEX('Обработка исходного'!E:E,ROW($B$3)+4*(ROW($B13)-ROW($B$3)))),"",INDEX('Обработка исходного'!E:E,ROW($B$3)+4*(ROW($B13)-ROW($B$3)))) -> Поковки диаметром до 300 мм, КП175* | D13: =INDEX('Обработка исходного'!G:G,ROW($B$3)+4*(ROW($B13)-ROW($B$3))+2) -> 20 | E13: =INDEX('Обработка исходного'!H:H,ROW($B$3)+4*(ROW($B13)-ROW($B$3))+2) -> 19 | F13: =INDEX('Обработка исходного'!I:I,ROW($B$3)+4*(ROW($B13)-ROW($B$3))+2) -> 18 | G13: =INDEX('Обработка исходного'!J:J,ROW($B$3)+4*(ROW($B13)-ROW($B$3))+2) -> 16 | H13: =INDEX('Обработка исходного'!K:K,ROW($B$3)+4*(ROW($B13)-ROW($B$3))+2) -> 14 | I13: =INDEX('Обработка исходного'!L:L,ROW($B$3)+4*(ROW($B13)-ROW($B$3))+2) -> 14 | J13: =INDEX('Обработка исходного'!M:M,ROW($B$3)+4*(ROW($B13)-ROW($B$3))+2) -> 14 | K13: =INDEX('Обработка исходного'!N:N,ROW($B$3)+4*(ROW($B13)-ROW($B$3))+2) -> 14 | L13: =INDEX('Обработка исходного'!O:O,ROW($B$3)+4*(ROW($B13)-ROW($B$3))+2) -> - | M13: =INDEX('Обработка исходного'!P:P,ROW($B$3)+4*(ROW($B13)-ROW($B$3))+2) -> - | N13: =INDEX('Обработка исходного'!Q:Q,ROW($B$3)+4*(ROW($B13)-ROW($B$3))+2) -> - | O13: =INDEX('Обработка исходного'!R:R,ROW($B$3)+4*(ROW($B13)-ROW($B$3))+2) -> - | P13: =INDEX('Обработка исходного'!S:S,ROW($B$3)+4*(ROW($B13)-ROW($B$3))+2) -> -
A14: =INDEX('Обработка исходного'!B:B,ROW($B$3)+4*(ROW($B14)-ROW($B$3))) -> Сталь углеродистая | B14: =INDEX('Обработка исходного'!D:D,ROW($B$3)+4*(ROW($B14)-ROW($B$3))) -> 15 | C14: =IF(ISBLANK(INDEX('Обработка исходного'!E:E,ROW($B$3)+4*(ROW($B14)-ROW($B$3)))),"",INDEX('Обработка исходного'!E:E,ROW($B$3)+4*(ROW($B14)-ROW($B$3)))) -> Поковки диаметром до 100 мм, КП195* | D14: =INDEX('Обработка исходного'!G:G,ROW($B$3)+4*(ROW($B14)-ROW($B$3))+2) -> 18 | E14: =INDEX('Обработка исходного'!H:H,ROW($B$3)+4*(ROW($B14)-ROW($B$3))+2) -> 17 | F14: =INDEX('Обработка исходного'!I:I,ROW($B$3)+4*(ROW($B14)-ROW($B$3))+2) -> 16 | G14: =INDEX('Обработка исходного'!J:J,ROW($B$3)+4*(ROW($B14)-ROW($B$3))+2) -> 16 | H14: =INDEX('Обработка исходного'!K:K,ROW($B$3)+4*(ROW($B14)-ROW($B$3))+2) -> 14 | I14: =INDEX('Обработка исходного'!L:L,ROW($B$3)+4*(ROW($B14)-ROW($B$3))+2) -> 14 | J14: =INDEX('Обработка исходного'!M:M,ROW($B$3)+4*(ROW($B14)-ROW($B$3))+2) -> 14 | K14: =INDEX('Обработка исходного'!N:N,ROW($B$3)+4*(ROW($B14)-ROW($B$3))+2) -> 14 | L14: =INDEX('Обработка исходного'!O:O,ROW($B$3)+4*(ROW($B14)-ROW($B$3))+2) -> - | M14: =INDEX('Обработка исходного'!P:P,ROW($B$3)+4*(ROW($B14)-ROW($B$3))+2) -> - | N14: =INDEX('Обработка исходного'!Q:Q,ROW($B$3)+4*(ROW($B14)-ROW($B$3))+2) -> - | O14: =INDEX('Обработка исходного'!R:R,ROW($B$3)+4*(ROW($B14)-ROW($B$3))+2) -> - | P14: =INDEX('Обработка исходного'!S:S,ROW($B$3)+4*(ROW($B14)-ROW($B$3))+2) -> -
... A359: =INDEX('Обработка исходного'!B:B,ROW($B$3)+4*(ROW($B359)-ROW($B$3))) -> Сплав на железоникелевой основе | B359: =INDEX('Обработка исходного'!D:D,ROW($B$3)+4*(ROW($B359)-ROW($B$3))) -> Сплав 0Х20Н46Б | C359: =IF(ISBLANK(INDEX('Обработка исходного'!E:E,ROW($B$3)+4*(ROW($B359)-ROW($B$3)))),"",INDEX('Обработка исходного'!E:E,ROW($B$3)+4*(ROW($B359)-ROW($B$3)))) -> Прутки круглого и квадратного сечения толщиной или диаметром от 30 до 170 мм | D359: =INDEX('Обработка исходного'!G:G,ROW($B$3)+4*(ROW($B359)-ROW($B$3))+2) -> 30 | E359: =INDEX('Обработка исходного'!H:H,ROW($B$3)+4*(ROW($B359)-ROW($B$3))+2) -> 29 | F359: =INDEX('Обработка исходного'!I:I,ROW($B$3)+4*(ROW($B359)-ROW($B$3))+2) -> 28 | G359: =INDEX('Обработка исходного'!J:J,ROW($B$3)+4*(ROW($B359)-ROW($B$3))+2) -> 28 | H359: =INDEX('Обработка исходного'!K:K,ROW($B$3)+4*(ROW($B359)-ROW($B$3))+2) -> 28 | I359: =INDEX('Обработка исходного'!L:L,ROW($B$3)+4*(ROW($B359)-ROW($B$3))+2) -> 26 | J359: =INDEX('Обработка исходного'!M:M,ROW($B$3)+4*(ROW($B359)-ROW($B$3))+2) -> 26 | K359: =INDEX('Обработка исходного'!N:N,ROW($B$3)+4*(ROW($B359)-ROW($B$3))+2) -> 26 | L359: =INDEX('Обработка исходного'!O:O,ROW($B$3)+4*(ROW($B359)-ROW($B$3))+2) -> 26 | M359: =INDEX('Обработка исходного'!P:P,ROW($B$3)+4*(ROW($B359)-ROW($B$3))+2) -> 25 | N359: =INDEX('Обработка исходного'!Q:Q,ROW($B$3)+4*(ROW($B359)-ROW($B$3))+2) -> 24 | O359: =INDEX('Обработка исходного'!R:R,ROW($B$3)+4*(ROW($B359)-ROW($B$3))+2) -> 24 | P359: =INDEX('Обработка исходного'!S:S,ROW($B$3)+4*(ROW($B359)-ROW($B$3))+2) -> 24

Sheet Z, %
A1: Класс материала | B1: Марка стали или сплава | C1: Сортамент | D1: Температура, К (°С)
D2: 20 | E2: 50 | F2: 100 | G2: 150 | H2: 200 | I2: 250 | J2: 300 | K2: 350 | L2: 400 | M2: 450 | N2: 500 | O2: 550 | P2: 600
A3: =INDEX('Обработка исходного'!B:B,ROW($B$3)+4*(ROW($B3)-ROW($B$3))) -> Сталь углеродистая | B3: =INDEX('Обработка исходного'!D:D,ROW($B$3)+4*(ROW($B3)-ROW($B$3))) -> Ст3сп5 | C3: =IF(ISBLANK(INDEX('Обработка исходного'!E:E,ROW($B$3)+4*(ROW($B3)-ROW($B$3)))),"",INDEX('Обработка исходного'!E:E,ROW($B$3)+4*(ROW($B3)-ROW($B$3)))) -> Горячекатаная сортовая фасонная и листовая сталь толщиной до 20 мм | D3: =INDEX('Обработка исходного'!G:G,ROW($B$3)+4*(ROW($B3)-ROW($B$3))+3) -> 50 | E3: =INDEX('Обработка исходного'!H:H,ROW($B$3)+4*(ROW($B3)-ROW($B$3))+3) -> 49 | F3: =INDEX('Обработка исходного'!I:I,ROW($B$3)+4*(ROW($B3)-ROW($B$3))+3) -> 49 | G3: =INDEX('Обработка исходного'!J:J,ROW($B$3)+4*(ROW($B3)-ROW($B$3))+3) -> 48 | H3: =INDEX('Обработка исходного'!K:K,ROW($B$3)+4*(ROW($B3)-ROW($B$3))+3) -> 47 | I3: =INDEX('Обработка исходного'!L:L,ROW($B$3)+4*(ROW($B3)-ROW($B$3))+3) -> 47 | J3: =INDEX('Обработка исходного'!M:M,ROW($B$3)+4*(ROW($B3)-ROW($B$3))+3) -> 48 | K3: =INDEX('Обработка исходного'!N:N,ROW($B$3)+4*(ROW($B3)-ROW($B$3))+3) -> - | L3: =INDEX('Обработка исходного'!O:O,ROW($B$3)+4*(ROW($B3)-ROW($B$3))+3) -> - | M3: =INDEX('Обработка исходного'!P:P,ROW($B$3)+4*(ROW($B3)-ROW($B$3))+3) -> - | N3: =INDEX('Обработка исходного'!Q:Q,ROW($B$3)+4*(ROW($B3)-ROW($B$3))+3) -> - | O3: =INDEX('Обработка исходного'!R:R,ROW($B$3)+4*(ROW($B3)-ROW($B$3))+3) -> - | P3: =INDEX('Обработка исходного'!S:S,ROW($B$3)+4*(ROW($B3)-ROW($B$3))+3) -> -
A4: =INDEX('Обработка исходного'!B:B,ROW($B$3)+4*(ROW($B4)-ROW($B$3))) -> Сталь углеродистая | B4: =INDEX('Обработка исходного'!D:D,ROW($B$3)+4*(ROW($B4)-ROW($B$3))) -> Ст3сп5 | C4: =IF(ISBLANK(INDEX('Обработка исходного'!E:E,ROW($B$3)+4*(ROW($B4)-ROW($B$3)))),"",INDEX('Обработка исходного'!E:E,ROW($B$3)+4*(ROW($B4)-ROW($B$3)))) -> Горячекатаная сортовая фасонная и листовая сталь толщиной от 20 до 100 мм | D4: =INDEX('Обработка исходного'!G:G,ROW($B$3)+4*(ROW($B4)-ROW($B$3))+3) -> 50 | E4: =INDEX('Обработка исходного'!H:H,ROW($B$3)+4*(ROW($B4)-ROW($B$3))+3) -> 49 | F4: =INDEX('Обработка исходного'!I:I,ROW($B$3)+4*(ROW($B4)-ROW($B$3))+3) -> 49 | G4: =INDEX('Обработка исходного'!J:J,ROW($B$3)+4*(ROW($B4)-ROW($B$3))+3) -> 48 | H4: =INDEX('Обработка исходного'!K:K,ROW($B$3)+4*(ROW($B4)-ROW($B$3))+3) -> 47 | I4: =INDEX('Обработка исходного'!L:L,ROW($B$3)+4*(ROW($B4)-ROW($B$3))+3) -> 47 | J4: =INDEX('Обработка исходного'!M:M,ROW($B$3)+4*(ROW($B4)-ROW($B$3))+3) -> 48 | K4: =INDEX('Обработка исходного'!N:N,ROW($B$3)+4*(ROW($B4)-ROW($B$3))+3) -> - | L4: =INDEX('Обработка исходного'!O:O,ROW($B$3)+4*(ROW($B4)-ROW($B$3))+3) -> - | M4: =INDEX('Обработка исходного'!P:P,ROW($B$3)+4*(ROW($B4)-ROW($B$3))+3) -> - | N4: =INDEX('Обработка исходного'!Q:Q,ROW($B$3)+4*(ROW($B4)-ROW($B$3))+3) -> - | O4: =INDEX('Обработка исходного'!R:R,ROW($B$3)+4*(ROW($B4)-ROW($B$3))+3) -> - | P4: =INDEX('Обработка исходного'!S:S,ROW($B$3)+4*(ROW($B4)-ROW($B$3))+3) -> -
A5: =INDEX('Обработка исходного'!B:B,ROW($B$3)+4*(ROW($B5)-ROW($B$3))) -> Сталь углеродистая | B5: =INDEX('Обработка исходного'!D:D,ROW($B$3)+4*(ROW($B5)-ROW($B$3))) -> Ст3сп5 | C5: =IF(ISBLANK(INDEX('Обработка исходного'!E:E,ROW($B$3)+4*(ROW($B5)-ROW($B$3)))),"",INDEX('Обработка исходного'!E:E,ROW($B$3)+4*(ROW($B5)-ROW($B$3)))) -> Горячекатаная сортовая фасонная и листовая сталь толщиной более 100 мм | D5: =INDEX('Обработка исходного'!G:G,ROW($B$3)+4*(ROW($B5)-ROW($B$3))+3) -> 50 | E5: =INDEX('Обработка исходного'!H:H,ROW($B$3)+4*(ROW($B5)-ROW($B$3))+3) -> 49 | F5: =INDEX('Обработка исходного'!I:I,ROW($B$3)+4*(ROW($B5)-ROW($B$3))+3) -> 49 | G5: =INDEX('Обработка исходного'!J:J,ROW($B$3)+4*(ROW($B5)-ROW($B$3))+3) -> 48 | H5: =INDEX('Обработка исходного'!K:K,ROW($B$3)+4*(ROW($B5)-ROW($B$3))+3) -> 47 | I5: =INDEX('Обработка исходного'!L:L,ROW($B$3)+4*(ROW($B5)-ROW($B$3))+3) -> 47 | J5: =INDEX('Обработка исходного'!M:M,ROW($B$3)+4*(ROW($B5)-ROW($B$3))+3) -> 48 | K5: =INDEX('Обработка исходного'!N:N,ROW($B$3)+4*(ROW($B5)-ROW($B$3))+3) -> - | L5: =INDEX('Обработка исходного'!O:O,ROW($B$3)+4*(ROW($B5)-ROW($B$3))+3) -> - | M5: =INDEX('Обработка исходного'!P:P,ROW($B$3)+4*(ROW($B5)-ROW($B$3))+3) -> - | N5: =INDEX('Обработка исходного'!Q:Q,ROW($B$3)+4*(ROW($B5)-ROW($B$3))+3) -> - | O5: =INDEX('Обработка исходного'!R:R,ROW($B$3)+4*(ROW($B5)-ROW($B$3))+3) -> - | P5: =INDEX('Обработка исходного'!S:S,ROW($B$3)+4*(ROW($B5)-ROW($B$3))+3) -> -
A6: =INDEX('Обработка исходного'!B:B,ROW($B$3)+4*(ROW($B6)-ROW($B$3))) -> Сталь углеродистая | B6: =INDEX('Обработка исходного'!D:D,ROW($B$3)+4*(ROW($B6)-ROW($B$3))) -> Ст3сп5 | C6: =IF(ISBLANK(INDEX('Обработка исходного'!E:E,ROW($B$3)+4*(ROW($B6)-ROW($B$3)))),"",INDEX('Обработка исходного'!E:E,ROW($B$3)+4*(ROW($B6)-ROW($B$3)))) -> Трубы | D6: =INDEX('Обработка исходного'!G:G,ROW($B$3)+4*(ROW($B6)-ROW($B$3))+3) -> 50 | E6: =INDEX('Обработка исходного'!H:H,ROW($B$3)+4*(ROW($B6)-ROW($B$3))+3) -> 49 | F6: =INDEX('Обработка исходного'!I:I,ROW($B$3)+4*(ROW($B6)-ROW($B$3))+3) -> 49 | G6: =INDEX('Обработка исходного'!J:J,ROW($B$3)+4*(ROW($B6)-ROW($B$3))+3) -> 48 | H6: =INDEX('Обработка исходного'!K:K,ROW($B$3)+4*(ROW($B6)-ROW($B$3))+3) -> 47 | I6: =INDEX('Обработка исходного'!L:L,ROW($B$3)+4*(ROW($B6)-ROW($B$3))+3) -> 47 | J6: =INDEX('Обработка исходного'!M:M,ROW($B$3)+4*(ROW($B6)-ROW($B$3))+3) -> 48 | K6: =INDEX('Обработка исходного'!N:N,ROW($B$3)+4*(ROW($B6)-ROW($B$3))+3) -> - | L6: =INDEX('Обработка исходного'!O:O,ROW($B$3)+4*(ROW($B6)-ROW($B$3))+3) -> - | M6: =INDEX('Обработка исходного'!P:P,ROW($B$3)+4*(ROW($B6)-ROW($B$3))+3) -> - | N6: =INDEX('Обработка исходного'!Q:Q,ROW($B$3)+4*(ROW($B6)-ROW($B$3))+3) -> - | O6: =INDEX('Обработка исходного'!R:R,ROW($B$3)+4*(ROW($B6)-ROW($B$3))+3) -> - | P6: =INDEX('Обработка исходного'!S:S,ROW($B$3)+4*(ROW($B6)-ROW($B$3))+3) -> -
A7: =INDEX('Обработка исходного'!B:B,ROW($B$3)+4*(ROW($B7)-ROW($B$3))) -> Сталь углеродистая | B7: =INDEX('Обработка исходного'!D:D,ROW($B$3)+4*(ROW($B7)-ROW($B$3))) -> Ст3сп5 | C7: =IF(ISBLANK(INDEX('Обработка исходного'!E:E,ROW($B$3)+4*(ROW($B7)-ROW($B$3)))),"",INDEX('Обработка исходного'!E:E,ROW($B$3)+4*(ROW($B7)-ROW($B$3)))) -> Поковки диаметром или толщиной до 300 мм, КП175* | D7: =INDEX('Обработка исходного'!G:G,ROW($B$3)+4*(ROW($B7)-ROW($B$3))+3) -> 50 | E7: =INDEX('Обработка исходного'!H:H,ROW($B$3)+4*(ROW($B7)-ROW($B$3))+3) -> 47 | F7: =INDEX('Обработка исходного'!I:I,ROW($B$3)+4*(ROW($B7)-ROW($B$3))+3) -> 44 | G7: =INDEX('Обработка исходного'!J:J,ROW($B$3)+4*(ROW($B7)-ROW($B$3))+3) -> 41 | H7: =INDEX('Обработка исходного'!K:K,ROW($B$3)+4*(ROW($B7)-ROW($B$3))+3) -> 40 | I7: =INDEX('Обработка исходного'!L:L,ROW($B$3)+4*(ROW($B7)-ROW($B$3))+3) -> 40 | J7: =INDEX('Обработка исходного'!M:M,ROW($B$3)+4*(ROW($B7)-ROW($B$3))+3) -> 40 | K7: =INDEX('Обработка исходного'!N:N,ROW($B$3)+4*(ROW($B7)-ROW($B$3))+3) -> - | L7: =INDEX('Обработка исходного'!O:O,ROW($B$3)+4*(ROW($B7)-ROW($B$3))+3) -> - | M7: =INDEX('Обработка исходного'!P:P,ROW($B$3)+4*(ROW($B7)-ROW($B$3))+3) -> - | N7: =INDEX('Обработка исходного'!Q:Q,ROW($B$3)+4*(ROW($B7)-ROW($B$3))+3) -> - | O7: =INDEX('Обработка исходного'!R:R,ROW($B$3)+4*(ROW($B7)-ROW($B$3))+3) -> - | P7: =INDEX('Обработка исходного'!S:S,ROW($B$3)+4*(ROW($B7)-ROW($B$3))+3) -> -
A8: =INDEX('Обработка исходного'!B:B,ROW($B$3)+4*(ROW($B8)-ROW($B$3))) -> Сталь углеродистая | B8: =INDEX('Обработка исходного'!D:D,ROW($B$3)+4*(ROW($B8)-ROW($B$3))) -> Ст3сп5 | C8: =IF(ISBLANK(INDEX('Обработка исходного'!E:E,ROW($B$3)+4*(ROW($B8)-ROW($B$3)))),"",INDEX('Обработка исходного'!E:E,ROW($B$3)+4*(ROW($B8)-ROW($B$3)))) -> Поковки диаметром или толщиной до 300 мм, КП195* | D8: =INDEX('Обработка исходного'!G:G,ROW($B$3)+4*(ROW($B8)-ROW($B$3))+3) -> 50 | E8: =INDEX('Обработка исходного'!H:H,ROW($B$3)+4*(ROW($B8)-ROW($B$3))+3) -> 47 | F8: =INDEX('Обработка исходного'!I:I,ROW($B$3)+4*(ROW($B8)-ROW($B$3))+3) -> 44 | G8: =INDEX('Обработка исходного'!J:J,ROW($B$3)+4*(ROW($B8)-ROW($B$3))+3) -> 41 | H8: =INDEX('Обработка исходного'!K:K,ROW($B$3)+4*(ROW($B8)-ROW($B$3))+3) -> 40 | I8: =INDEX('Обработка исходного'!L:L,ROW($B$3)+4*(ROW($B8)-ROW($B$3))+3) -> 40 | J8: =INDEX('Обработка исходного'!M:M,ROW($B$3)+4*(ROW($B8)-ROW($B$3))+3) -> 40 | K8: =INDEX('Обработка исходного'!N:N,ROW($B$3)+4*(ROW($B8)-ROW($B$3))+3) -> - | L8: =INDEX('Обработка исходного'!O:O,ROW($B$3)+4*(ROW($B8)-ROW($B$3))+3) -> - | M8: =INDEX('Обработка исходного'!P:P,ROW($B$3)+4*(ROW($B8)-ROW($B$3))+3) -> - | N8: =INDEX('Обработка исходного'!Q:Q,ROW($B$3)+4*(ROW($B8)-ROW($B$3))+3) -> - | O8: =INDEX('Обработка исходного'!R:R,ROW($B$3)+4*(ROW($B8)-ROW($B$3))+3) -> - | P8: =INDEX('Обработка исходного'!S:S,ROW($B$3)+4*(ROW($B8)-ROW($B$3))+3) -> -
A9: =INDEX('Обработка исходного'!B:B,ROW($B$3)+4*(ROW($B9)-ROW($B$3))) -> Сталь углеродистая | B9: =INDEX('Обработка исходного'!D:D,ROW($B$3)+4*(ROW($B9)-ROW($B$3))) -> Ст3сп5 | C9: =IF(ISBLANK(INDEX('Обработка исходного'!E:E,ROW($B$3)+4*(ROW($B9)-ROW($B$3)))),"",INDEX('Обработка исходного'!E:E,ROW($B$3)+4*(ROW($B9)-ROW($B$3)))) -> Поковки диаметром или толщиной до 50 мм, КП215* | D9: =INDEX('Обработка исходного'!G:G,ROW($B$3)+4*(ROW($B9)-ROW($B$3))+3) -> 50 | E9: =INDEX('Обработка исходного'!H:H,ROW($B$3)+4*(ROW($B9)-ROW($B$3))+3) -> 47 | F9: =INDEX('Обработка исходного'!I:I,ROW($B$3)+4*(ROW($B9)-ROW($B$3))+3) -> 44 | G9: =INDEX('Обработка исходного'!J:J,ROW($B$3)+4*(ROW($B9)-ROW($B$3))+3) -> 41 | H9: =INDEX('Обработка исходного'!K:K,ROW($B$3)+4*(ROW($B9)-ROW($B$3))+3) -> 40 | I9: =INDEX('Обработка исходного'!L:L,ROW($B$3)+4*(ROW($B9)-ROW($B$3))+3) -> 40 | J9: =INDEX('Обработка исходного'!M:M,ROW($B$3)+4*(ROW($B9)-ROW($B$3))+3) -> 40 | K9: =INDEX('Обработка исходного'!N:N,ROW($B$3)+4*(ROW($B9)-ROW($B$3))+3) -> - | L9: =INDEX('Обработка исходного'!O:O,ROW($B$3)+4*(ROW($B9)-ROW($B$3))+3) -> - | M9: =INDEX('Обработка исходного'!P:P,ROW($B$3)+4*(ROW($B9)-ROW($B$3))+3) -> - | N9: =INDEX('Обработка исходного'!Q:Q,ROW($B$3)+4*(ROW($B9)-ROW($B$3))+3) -> - | O9: =INDEX('Обработка исходного'!R:R,ROW($B$3)+4*(ROW($B9)-ROW($B$3))+3) -> - | P9: =INDEX('Обработка исходного'!S:S,ROW($B$3)+4*(ROW($B9)-ROW($B$3))+3) -> -
A10: =INDEX('Обработка исходного'!B:B,ROW($B$3)+4*(ROW($B10)-ROW($B$3))) -> Сталь углеродистая | B10: =INDEX('Обработка исходного'!D:D,ROW($B$3)+4*(ROW($B10)-ROW($B$3))) -> 10 | C10: =IF(ISBLANK(INDEX('Обработка исходного'!E:E,ROW($B$3)+4*(ROW($B10)-ROW($B$3)))),"",INDEX('Обработка исходного'!E:E,ROW($B$3)+4*(ROW($B10)-ROW($B$3)))) -> Трубы холодно- и теплодеформированные бесшовные | D10: =INDEX('Обработка исходного'!G:G,ROW($B$3)+4*(ROW($B10)-ROW($B$3))+3) -> 50 | E10: =INDEX('Обработка исходного'!H:H,ROW($B$3)+4*(ROW($B10)-ROW($B$3))+3) -> 46 | F10: =INDEX('Обработка исходного'!I:I,ROW($B$3)+4*(ROW($B10)-ROW($B$3))+3) -> 40 | G10: =INDEX('Обработка исходного'!J:J,ROW($B$3)+4*(ROW($B10)-ROW($B$3))+3) -> 40 | H10: =INDEX('Обработка исходного'!K:K,ROW($B$3)+4*(ROW($B10)-ROW($B$3))+3) -> 40 | I10: =INDEX('Обработка исходного'!L:L,ROW($B$3)+4*(ROW($B10)-ROW($B$3))+3) -> 42 | J10: =INDEX('Обработка исходного'!M:M,ROW($B$3)+4*(ROW($B10)-ROW($B$3))+3) -> 44 | K10: =INDEX('Обработка исходного'!N:N,ROW($B$3)+4*(ROW($B10)-ROW($B$3))+3) -> 48 | L10: =INDEX('Обработка исходного'!O:O,ROW($B$3)+4*(ROW($B10)-ROW($B$3))+3) -> - | M10: =INDEX('Обработка исходного'!P:P,ROW($B$3)+4*(ROW($B10)-ROW($B$3))+3) -> - | N10: =INDEX('Обработка исходного'!Q:Q,ROW($B$3)+4*(ROW($B10)-ROW($B$3))+3) -> - | O10: =INDEX('Обработка исходного'!R:R,ROW($B$3)+4*(ROW($B10)-ROW($B$3))+3) -> - | P10: =INDEX('Обработка исходного'!S:S,ROW($B$3)+4*(ROW($B10)-ROW($B$3))+3) -> -
A11: =INDEX('Обработка исходного'!B:B,ROW($B$3)+4*(ROW($B11)-ROW($B$3))) -> Сталь углеродистая | B11: =INDEX('Обработка исходного'!D:D,ROW($B$3)+4*(ROW($B11)-ROW($B$3))) -> 10 | C11: =IF(ISBLANK(INDEX('Обработка исходного'!E:E,ROW($B$3)+4*(ROW($B11)-ROW($B$3)))),"",INDEX('Обработка исходного'!E:E,ROW($B$3)+4*(ROW($B11)-ROW($B$3)))) -> Сортовая горячекатаная и кованая сталь толщиной или диаметром до 80 мм | D11: =INDEX('Обработка исходного'!G:G,ROW($B$3)+4*(ROW($B11)-ROW($B$3))+3) -> 55 | E11: =INDEX('Обработка исходного'!H:H,ROW($B$3)+4*(ROW($B11)-ROW($B$3))+3) -> 50 | F11: =INDEX('Обработка исходного'!I:I,ROW($B$3)+4*(ROW($B11)-ROW($B$3))+3) -> 50 | G11: =INDEX('Обработка исходного'!J:J,ROW($B$3)+4*(ROW($B11)-ROW($B$3))+3) -> 46 | H11: =INDEX('Обработка исходного'!K:K,ROW($B$3)+4*(ROW($B11)-ROW($B$3))+3) -> 44 | I11: =INDEX('Обработка исходного'!L:L,ROW($B$3)+4*(ROW($B11)-ROW($B$3))+3) -> 44 | J11: =INDEX('Обработка исходного'!M:M,ROW($B$3)+4*(ROW($B11)-ROW($B$3))+3) -> 44 | K11: =INDEX('Обработка исходного'!N:N,ROW($B$3)+4*(ROW($B11)-ROW($B$3))+3) -> 46 | L11: =INDEX('Обработка исходного'!O:O,ROW($B$3)+4*(ROW($B11)-ROW($B$3))+3) -> - | M11: =INDEX('Обработка исходного'!P:P,ROW($B$3)+4*(ROW($B11)-ROW($B$3))+3) -> - | N11: =INDEX('Обработка исходного'!Q:Q,ROW($B$3)+4*(ROW($B11)-ROW($B$3))+3) -> - | O11: =INDEX('Обработка исходного'!R:R,ROW($B$3)+4*(ROW($B11)-ROW($B$3))+3) -> - | P11: =INDEX('Обработка исходного'!S:S,ROW($B$3)+4*(ROW($B11)-ROW($B$3))+3) -> -
A12: =INDEX('Обработка исходного'!B:B,ROW($B$3)+4*(ROW($B12)-ROW($B$3))) -> Сталь углеродистая | B12: =INDEX('Обработка исходного'!D:D,ROW($B$3)+4*(ROW($B12)-ROW($B$3))) -> 15 | C12: =IF(ISBLANK(INDEX('Обработка исходного'!E:E,ROW($B$3)+4*(ROW($B12)-ROW($B$3)))),"",INDEX('Обработка исходного'!E:E,ROW($B$3)+4*(ROW($B12)-ROW($B$3)))) -> Сортовая горячекатаная сталь толщиной или диаметром до 80 мм | D12: =INDEX('Обработка исходного'!G:G,ROW($B$3)+4*(ROW($B12)-ROW($B$3))+3) -> 55 | E12: =INDEX('Обработка исходного'!H:H,ROW($B$3)+4*(ROW($B12)-ROW($B$3))+3) -> 51 | F12: =INDEX('Обработка исходного'!I:I,ROW($B$3)+4*(ROW($B12)-ROW($B$3))+3) -> 47 | G12: =INDEX('Обработка исходного'!J:J,ROW($B$3)+4*(ROW($B12)-ROW($B$3))+3) -> 43 | H12: =INDEX('Обработка исходного'!K:K,ROW($B$3)+4*(ROW($B12)-ROW($B$3))+3) -> 39 | I12: =INDEX('Обработка исходного'!L:L,ROW($B$3)+4*(ROW($B12)-ROW($B$3))+3) -> 38 | J12: =INDEX('Обработка исходного'!M:M,ROW($B$3)+4*(ROW($B12)-ROW($B$3))+3) -> 38 | K12: =INDEX('Обработка исходного'!N:N,ROW($B$3)+4*(ROW($B12)-ROW($B$3))+3) -> 38 | L12: =INDEX('Обработка исходного'!O:O,ROW($B$3)+4*(ROW($B12)-ROW($B$3))+3) -> - | M12: =INDEX('Обработка исходного'!P:P,ROW($B$3)+4*(ROW($B12)-ROW($B$3))+3) -> - | N12: =INDEX('Обработка исходного'!Q:Q,ROW($B$3)+4*(ROW($B12)-ROW($B$3))+3) -> - | O12: =INDEX('Обработка исходного'!R:R,ROW($B$3)+4*(ROW($B12)-ROW($B$3))+3) -> - | P12: =INDEX('Обработка исходного'!S:S,ROW($B$3)+4*(ROW($B12)-ROW($B$3))+3) -> -
A13: =INDEX('Обработка исходного'!B:B,ROW($B$3)+4*(ROW($B13)-ROW($B$3))) -> Сталь углеродистая | B13: =INDEX('Обработка исходного'!D:D,ROW($B$3)+4*(ROW($B13)-ROW($B$3))) -> 15 | C13: =IF(ISBLANK(INDEX('Обработка исходного'!E:E,ROW($B$3)+4*(ROW($B13)-ROW($B$3)))),"",INDEX('Обработка исходного'!E:E,ROW($B$3)+4*(ROW($B13)-ROW($B$3)))) -> Поковки диаметром до 300 мм, КП175* | D13: =INDEX('Обработка исходного'!G:G,ROW($B$3)+4*(ROW($B13)-ROW($B$3))+3) -> 40 | E13: =INDEX('Обработка исходного'!H:H,ROW($B$3)+4*(ROW($B13)-ROW($B$3))+3) -> 40 | F13: =INDEX('Обработка исходного'!I:I,ROW($B$3)+4*(ROW($B13)-ROW($B$3))+3) -> 40 | G13: =INDEX('Обработка исходного'!J:J,ROW($B$3)+4*(ROW($B13)-ROW($B$3))+3) -> 40 | H13: =INDEX('Обработка исходного'!K:K,ROW($B$3)+4*(ROW($B13)-ROW($B$3))+3) -> 40 | I13: =INDEX('Обработка исходного'!L:L,ROW($B$3)+4*(ROW($B13)-ROW($B$3))+3) -> 40 | J13: =INDEX('Обработка исходного'!M:M,ROW($B$3)+4*(ROW($B13)-ROW($B$3))+3) -> 40 | K13: =INDEX('Обработка исходного'!N:N,ROW($B$3)+4*(ROW($B13)-ROW($B$3))+3) -> 40 | L13: =INDEX('Обработка исходного'!O:O,ROW($B$3)+4*(ROW($B13)-ROW($B$3))+3) -> - | M13: =INDEX('Обработка исходного'!P:P,ROW($B$3)+4*(ROW($B13)-ROW($B$3))+3) -> - | N13: =INDEX('Обработка исходного'!Q:Q,ROW($B$3)+4*(ROW($B13)-ROW($B$3))+3) -> - | O13: =INDEX('Обработка исходного'!R:R,ROW($B$3)+4*(ROW($B13)-ROW($B$3))+3) -> - | P13: =INDEX('Обработка исходного'!S:S,ROW($B$3)+4*(ROW($B13)-ROW($B$3))+3) -> -
A14: =INDEX('Обработка исходного'!B:B,ROW($B$3)+4*(ROW($B14)-ROW($B$3))) -> Сталь углеродистая | B14: =INDEX('Обработка исходного'!D:D,ROW($B$3)+4*(ROW($B14)-ROW($B$3))) -> 15 | C14: =IF(ISBLANK(INDEX('Обработка исходного'!E:E,ROW($B$3)+4*(ROW($B14)-ROW($B$3)))),"",INDEX('Обработка исходного'!E:E,ROW($B$3)+4*(ROW($B14)-ROW($B$3)))) -> Поковки диаметром до 100 мм, КП195* | D14: =INDEX('Обработка исходного'!G:G,ROW($B$3)+4*(ROW($B14)-ROW($B$3))+3) -> 38 | E14: =INDEX('Обработка исходного'!H:H,ROW($B$3)+4*(ROW($B14)-ROW($B$3))+3) -> 38 | F14: =INDEX('Обработка исходного'!I:I,ROW($B$3)+4*(ROW($B14)-ROW($B$3))+3) -> 38 | G14: =INDEX('Обработка исходного'!J:J,ROW($B$3)+4*(ROW($B14)-ROW($B$3))+3) -> 38 | H14: =INDEX('Обработка исходного'!K:K,ROW($B$3)+4*(ROW($B14)-ROW($B$3))+3) -> 36 | I14: =INDEX('Обработка исходного'!L:L,ROW($B$3)+4*(ROW($B14)-ROW($B$3))+3) -> 36 | J14: =INDEX('Обработка исходного'!M:M,ROW($B$3)+4*(ROW($B14)-ROW($B$3))+3) -> 35 | K14: =INDEX('Обработка исходного'!N:N,ROW($B$3)+4*(ROW($B14)-ROW($B$3))+3) -> 35 | L14: =INDEX('Обработка исходного'!O:O,ROW($B$3)+4*(ROW($B14)-ROW($B$3))+3) -> - | M14: =INDEX('Обработка исходного'!P:P,ROW($B$3)+4*(ROW($B14)-ROW($B$3))+3) -> - | N14: =INDEX('Обработка исходного'!Q:Q,ROW($B$3)+4*(ROW($B14)-ROW($B$3))+3) -> - | O14: =INDEX('Обработка исходного'!R:R,ROW($B$3)+4*(ROW($B14)-ROW($B$3))+3) -> - | P14: =INDEX('Обработка исходного'!S:S,ROW($B$3)+4*(ROW($B14)-ROW($B$3))+3) -> -
... A359: =INDEX('Обработка исходного'!B:B,ROW($B$3)+4*(ROW($B359)-ROW($B$3))) -> Сплав на железоникелевой основе | B359: =INDEX('Обработка исходного'!D:D,ROW($B$3)+4*(ROW($B359)-ROW($B$3))) -> Сплав 0Х20Н46Б | C359: =IF(ISBLANK(INDEX('Обработка исходного'!E:E,ROW($B$3)+4*(ROW($B359)-ROW($B$3)))),"",INDEX('Обработка исходного'!E:E,ROW($B$3)+4*(ROW($B359)-ROW($B$3)))) -> Прутки круглого и квадратного сечения толщиной или диаметром от 30 до 170 мм | D359: =INDEX('Обработка исходного'!G:G,ROW($B$3)+4*(ROW($B359)-ROW($B$3))+3) -> - | E359: =INDEX('Обработка исходного'!H:H,ROW($B$3)+4*(ROW($B359)-ROW($B$3))+3) -> - | F359: =INDEX('Обработка исходного'!I:I,ROW($B$3)+4*(ROW($B359)-ROW($B$3))+3) -> - | G359: =INDEX('Обработка исходного'!J:J,ROW($B$3)+4*(ROW($B359)-ROW($B$3))+3) -> - | H359: =INDEX('Обработка исходного'!K:K,ROW($B$3)+4*(ROW($B359)-ROW($B$3))+3) -> - | I359: =INDEX('Обработка исходного'!L:L,ROW($B$3)+4*(ROW($B359)-ROW($B$3))+3) -> - | J359: =INDEX('Обработка исходного'!M:M,ROW($B$3)+4*(ROW($B359)-ROW($B$3))+3) -> - | K359: =INDEX('Обработка исходного'!N:N,ROW($B$3)+4*(ROW($B359)-ROW($B$3))+3) -> - | L359: =INDEX('Обработка исходного'!O:O,ROW($B$3)+4*(ROW($B359)-ROW($B$3))+3) -> - | M359: =INDEX('Обработка исходного'!P:P,ROW($B$3)+4*(ROW($B359)-ROW($B$3))+3) -> - | N359: =INDEX('Обработка исходного'!Q:Q,ROW($B$3)+4*(ROW($B359)-ROW($B$3))+3) -> - | O359: =INDEX('Обработка исходного'!R:R,ROW($B$3)+4*(ROW($B359)-ROW($B$3))+3) -> - | P359: =INDEX('Обработка исходного'!S:S,ROW($B$3)+4*(ROW($B359)-ROW($B$3))+3) -> -

Sheet alpha, мкК-1
A1: Класс материала | B1: Марка стали или сплава | C1: Сортамент | D1: Температура, К (°С)
D2: 20 | E2: 50 | F2: 100 | G2: 150 | H2: 200 | I2: 250 | J2: 300 | K2: 350 | L2: 400 | M2: 450 | N2: 500 | O2: 550 | P2: 600
A3: =INDEX('Обработка исходного'!B:B,ROW($B$3)+4*(ROW($B3)-ROW($B$3))) -> Сталь углеродистая | B3: =INDEX('Обработка исходного'!D:D,ROW($B$3)+4*(ROW($B3)-ROW($B$3))) -> Ст3сп5 | C3: =IF(ISBLANK(INDEX('Обработка исходного'!E:E,ROW($B$3)+4*(ROW($B3)-ROW($B$3)))),"",INDEX('Обработка исходного'!E:E,ROW($B$3)+4*(ROW($B3)-ROW($B$3)))) -> Горячекатаная сортовая фасонная и листовая сталь толщиной до 20 мм | D3: 11.5 | E3: 11.5 | F3: 11.9 | G3: 12.2 | H3: 12.5 | I3: 12.8 | J3: 13.1 | K3: 13.4 | L3: 13.6 | M3: 13.8 | N3: 14 | O3: 14.2 | P3: 14.4
A4: =INDEX('Обработка исходного'!B:B,ROW($B$3)+4*(ROW($B4)-ROW($B$3))) -> Сталь углеродистая | B4: =INDEX('Обработка исходного'!D:D,ROW($B$3)+4*(ROW($B4)-ROW($B$3))) -> Ст3сп5 | C4: =IF(ISBLANK(INDEX('Обработка исходного'!E:E,ROW($B$3)+4*(ROW($B4)-ROW($B$3)))),"",INDEX('Обработка исходного'!E:E,ROW($B$3)+4*(ROW($B4)-ROW($B$3)))) -> Горячекатаная сортовая фасонная и листовая сталь толщиной от 20 до 100 мм | D4: 11.5 | E4: 11.5 | F4: 11.9 | G4: 12.2 | H4: 12.5 | I4: 12.8 | J4: 13.1 | K4: 13.4 | L4: 13.6 | M4: 13.8 | N4: 14 | O4: 14.2 | P4: 14.4
A5: =INDEX('Обработка исходного'!B:B,ROW($B$3)+4*(ROW($B5)-ROW($B$3))) -> Сталь углеродистая | B5: =INDEX('Обработка исходного'!D:D,ROW($B$3)+4*(ROW($B5)-ROW($B$3))) -> Ст3сп5 | C5: =IF(ISBLANK(INDEX('Обработка исходного'!E:E,ROW($B$3)+4*(ROW($B5)-ROW($B$3)))),"",INDEX('Обработка исходного'!E:E,ROW($B$3)+4*(ROW($B5)-ROW($B$3)))) -> Горячекатаная сортовая фасонная и листовая сталь толщиной более 100 мм | D5: 11.5 | E5: 11.5 | F5: 11.9 | G5: 12.2 | H5: 12.5 | I5: 12.8 | J5: 13.1 | K5: 13.4 | L5: 13.6 | M5: 13.8 | N5: 14 | O5: 14.2 | P5: 14.4
A6: =INDEX('Обработка исходного'!B:B,ROW($B$3)+4*(ROW($B6)-ROW($B$3))) -> Сталь углеродистая | B6: =INDEX('Обработка исходного'!D:D,ROW($B$3)+4*(ROW($B6)-ROW($B$3))) -> Ст3сп5 | C6: =IF(ISBLANK(INDEX('Обработка исходного'!E:E,ROW($B$3)+4*(ROW($B6)-ROW($B$3)))),"",INDEX('Обработка исходного'!E:E,ROW($B$3)+4*(ROW($B6)-ROW($B$3)))) -> Трубы | D6: 11.5 | E6: 11.5 | F6: 11.9 | G6: 12.2 | H6: 12.5 | I6: 12.8 | J6: 13.1 | K6: 13.4 | L6: 13.6 | M6: 13.8 | N6: 14 | O6: 14.2 | P6: 14.4
A7: =INDEX('Обработка исходного'!B:B,ROW($B$3)+4*(ROW($B7)-ROW($B$3))) -> Сталь углеродистая | B7: =INDEX('Обработка исходного'!D:D,ROW($B$3)+4*(ROW($B7)-ROW($B$3))) -> Ст3сп5 | C7: =IF(ISBLANK(INDEX('Обработка исходного'!E:E,ROW($B$3)+4*(ROW($B7)-ROW($B$3)))),"",INDEX('Обработка исходного'!E:E,ROW($B$3)+4*(ROW($B7)-ROW($B$3)))) -> Поковки диаметром или толщиной до 300 мм, КП175* | D7: 11.5 | E7: 11.5 | F7: 11.9 | G7: 12.2 | H7: 12.5 | I7: 12.8 | J7: 13.1 | K7: 13.4 | L7: 13.6 | M7: 13.8 | N7: 14 | O7: 14.2 | P7: 14.4
A8: =INDEX('Обработка исходного'!B:B,ROW($B$3)+4*(ROW($B8)-ROW($B$3))) -> Сталь углеродистая | B8: =INDEX('Обработка исходного'!D:D,ROW($B$3)+4*(ROW($B8)-ROW($B$3))) -> Ст3сп5 | C8: =IF(ISBLANK(INDEX('Обработка исходного'!E:E,ROW($B$3)+4*(ROW($B8)-ROW($B$3)))),"",INDEX('Обработка исходного'!E:E,ROW($B$3)+4*(ROW($B8)-ROW($B$3)))) -> Поковки диаметром или толщиной до 300 мм, КП195* | D8: 11.5 | E8: 11.5 | F8: 11.9 | G8: 12.2 | H8: 12.5 | I8: 12.8 | J8: 13.1 | K8: 13.4 | L8: 13.6 | M8: 13.8 | N8: 14 | O8: 14.2 | P8: 14.4
A9: =INDEX('Обработка исходного'!B:B,ROW($B$3)+4*(ROW($B9)-ROW($B$3))) -> Сталь углеродистая | B9: =INDEX('Обработка исходного'!D:D,ROW($B$3)+4*(ROW($B9)-ROW($B$3))) -> Ст3сп5 | C9: =IF(ISBLANK(INDEX('Обработка исходного'!E:E,ROW($B$3)+4*(ROW($B9)-ROW($B$3)))),"",INDEX('Обработка исходного'!E:E,ROW($B$3)+4*(ROW($B9)-ROW($B$3)))) -> Поковки диаметром или толщиной до 50 мм, КП215* | D9: 11.5 | E9: 11.5 | F9: 11.9 | G9: 12.2 | H9: 12.5 | I9: 12.8 | J9: 13.1 | K9: 13.4 | L9: 13.6 | M9: 13.8 | N9: 14 | O9: 14.2 | P9: 14.4
A10: =INDEX('Обработка исходного'!B:B,ROW($B$3)+4*(ROW($B10)-ROW($B$3))) -> Сталь углеродистая | B10: =INDEX('Обработка исходного'!D:D,ROW($B$3)+4*(ROW($B10)-ROW($B$3))) -> 10 | C10: =IF(ISBLANK(INDEX('Обработка исходного'!E:E,ROW($B$3)+4*(ROW($B10)-ROW($B$3)))),"",INDEX('Обработка исходного'!E:E,ROW($B$3)+4*(ROW($B10)-ROW($B$3)))) -> Трубы холодно- и теплодеформированные бесшовные | D10: 11.5 | E10: 11.5 | F10: 11.9 | G10: 12.2 | H10: 12.5 | I10: 12.8 | J10: 13.1 | K10: 13.4 | L10: 13.6 | M10: 13.8 | N10: 14 | O10: 14.2 | P10: 14.4
A11: =INDEX('Обработка исходного'!B:B,ROW($B$3)+4*(ROW($B11)-ROW($B$3))) -> Сталь углеродистая | B11: =INDEX('Обработка исходного'!D:D,ROW($B$3)+4*(ROW($B11)-ROW($B$3))) -> 10 | C11: =IF(ISBLANK(INDEX('Обработка исходного'!E:E,ROW($B$3)+4*(ROW($B11)-ROW($B$3)))),"",INDEX('Обработка исходного'!E:E,ROW($B$3)+4*(ROW($B11)-ROW($B$3)))) -> Сортовая горячекатаная и кованая сталь толщиной или диаметром до 80 мм | D11: 11.5 | E11: 11.5 | F11: 11.9 | G11: 12.2 | H11: 12.5 | I11: 12.8 | J11: 13.1 | K11: 13.4 | L11: 13.6 | M11: 13.8 | N11: 14 | O11: 14.2 | P11: 14.4
A12: =INDEX('Обработка исходного'!B:B,ROW($B$3)+4*(ROW($B12)-ROW($B$3))) -> Сталь углеродистая | B12: =INDEX('Обработка исходного'!D:D,ROW($B$3)+4*(ROW($B12)-ROW($B$3))) -> 15 | C12: =IF(ISBLANK(INDEX('Обработка исходного'!E:E,ROW($B$3)+4*(ROW($B12)-ROW($B$3)))),"",INDEX('Обработка исходного'!E:E,ROW($B$3)+4*(ROW($B12)-ROW($B$3)))) -> Сортовая горячекатаная сталь толщиной или диаметром до 80 мм | D12: 11.5 | E12: 11.5 | F12: 11.9 | G12: 12.2 | H12: 12.5 | I12: 12.8 | J12: 13.1 | K12: 13.4 | L12: 13.6 | M12: 13.8 | N12: 14 | O12: 14.2 | P12: 14.4
A13: =INDEX('Обработка исходного'!B:B,ROW($B$3)+4*(ROW($B13)-ROW($B$3))) -> Сталь углеродистая | B13: =INDEX('Обработка исходного'!D:D,ROW($B$3)+4*(ROW($B13)-ROW($B$3))) -> 15 | C13: =IF(ISBLANK(INDEX('Обработка исходного'!E:E,ROW($B$3)+4*(ROW($B13)-ROW($B$3)))),"",INDEX('Обработка исходного'!E:E,ROW($B$3)+4*(ROW($B13)-ROW($B$3)))) -> Поковки диаметром до 300 мм, КП175* | D13: 11.5 | E13: 11.5 | F13: 11.9 | G13: 12.2 | H13: 12.5 | I13: 12.8 | J13: 13.1 | K13: 13.4 | L13: 13.6 | M13: 13.8 | N13: 14 | O13: 14.2 | P13: 14.4
A14: =INDEX('Обработка исходного'!B:B,ROW($B$3)+4*(ROW($B14)-ROW($B$3))) -> Сталь углеродистая | B14: =INDEX('Обработка исходного'!D:D,ROW($B$3)+4*(ROW($B14)-ROW($B$3))) -> 15 | C14: =IF(ISBLANK(INDEX('Обработка исходного'!E:E,ROW($B$3)+4*(ROW($B14)-ROW($B$3)))),"",INDEX('Обработка исходного'!E:E,ROW($B$3)+4*(ROW($B14)-ROW($B$3)))) -> Поковки диаметром до 100 мм, КП195* | D14: 11.5 | E14: 11.5 | F14: 11.9 | G14: 12.2 | H14: 12.5 | I14: 12.8 | J14: 13.1 | K14: 13.4 | L14: 13.6 | M14: 13.8 | N14: 14 | O14: 14.2 | P14: 14.4
... A359: =INDEX('Обработка исходного'!B:B,ROW($B$3)+4*(ROW($B359)-ROW($B$3))) -> Сплав на железоникелевой основе | B359: =INDEX('Обработка исходного'!D:D,ROW($B$3)+4*(ROW($B359)-ROW($B$3))) -> Сплав 0Х20Н46Б | C359: =IF(ISBLANK(INDEX('Обработка исходного'!E:E,ROW($B$3)+4*(ROW($B359)-ROW($B$3)))),"",INDEX('Обработка исходного'!E:E,ROW($B$3)+4*(ROW($B359)-ROW($B$3)))) -> Прутки круглого и квадратного сечения толщиной или диаметром от 30 до 170 мм | D359: 16.4 | E359: 16.4 | F359: 16.6 | G359: 16.8 | H359: 17 | I359: 17.2 | J359: 17.4 | K359: 17.6 | L359: 17.8 | M359: 18 | N359: 18.2 | O359: 18.4 | P359: 18.5

Sheet E, ГПа
A1: Класс материала | B1: Марка стали или сплава | C1: Сортамент | D1: Температура, К (°С)
D2: 20 | E2: 50 | F2: 100 | G2: 150 | H2: 200 | I2: 250 | J2: 300 | K2: 350 | L2: 400 | M2: 450 | N2: 500 | O2: 550 | P2: 600
A3: =INDEX('Обработка исходного'!B:B,ROW($B$3)+4*(ROW($B3)-ROW($B$3))) -> Сталь углеродистая | B3: =INDEX('Обработка исходного'!D:D,ROW($B$3)+4*(ROW($B3)-ROW($B$3))) -> Ст3сп5 | C3: =IF(ISBLANK(INDEX('Обработка исходного'!E:E,ROW($B$3)+4*(ROW($B3)-ROW($B$3)))),"",INDEX('Обработка исходного'!E:E,ROW($B$3)+4*(ROW($B3)-ROW($B$3)))) -> Горячекатаная сортовая фасонная и листовая сталь толщиной до 20 мм | D3: 200 | E3: 197 | F3: 195 | G3: 192 | H3: 190 | I3: 185 | J3: 180 | K3: 175 | L3: 170 | M3: 165 | N3: 160 | O3: - | P3: -
A4: =INDEX('Обработка исходного'!B:B,ROW($B$3)+4*(ROW($B4)-ROW($B$3))) -> Сталь углеродистая | B4: =INDEX('Обработка исходного'!D:D,ROW($B$3)+4*(ROW($B4)-ROW($B$3))) -> Ст3сп5 | C4: =IF(ISBLANK(INDEX('Обработка исходного'!E:E,ROW($B$3)+4*(ROW($B4)-ROW($B$3)))),"",INDEX('Обработка исходного'!E:E,ROW($B$3)+4*(ROW($B4)-ROW($B$3)))) -> Горячекатаная сортовая фасонная и листовая сталь толщиной от 20 до 100 мм | D4: 200 | E4: 197 | F4: 195 | G4: 192 | H4: 190 | I4: 185 | J4: 180 | K4: 175 | L4: 170 | M4: 165 | N4: 160 | O4: - | P4: -
A5: =INDEX('Обработка исходного'!B:B,ROW($B$3)+4*(ROW($B5)-ROW($B$3))) -> Сталь углеродистая | B5: =INDEX('Обработка исходного'!D:D,ROW($B$3)+4*(ROW($B5)-ROW($B$3))) -> Ст3сп5 | C5: =IF(ISBLANK(INDEX('Обработка исходного'!E:E,ROW($B$3)+4*(ROW($B5)-ROW($B$3)))),"",INDEX('Обработка исходного'!E:E,ROW($B$3)+4*(ROW($B5)-ROW($B$3)))) -> Горячекатаная сортовая фасонная и листовая сталь толщиной более 100 мм | D5: 200 | E5: 197 | F5: 195 | G5: 192 | H5: 190 | I5: 185 | J5: 180 | K5: 175 | L5: 170 | M5: 165 | N5: 160 | O5: - | P5: -
A6: =INDEX('Обработка исходного'!B:B,ROW($B$3)+4*(ROW($B6)-ROW($B$3))) -> Сталь углеродистая | B6: =INDEX('Обработка исходного'!D:D,ROW($B$3)+4*(ROW($B6)-ROW($B$3))) -> Ст3сп5 | C6: =IF(ISBLANK(INDEX('Обработка исходного'!E:E,ROW($B$3)+4*(ROW($B6)-ROW($B$3)))),"",INDEX('Обработка исходного'!E:E,ROW($B$3)+4*(ROW($B6)-ROW($B$3)))) -> Трубы | D6: 200 | E6: 197 | F6: 195 | G6: 192 | H6: 190 | I6: 185 | J6: 180 | K6: 175 | L6: 170 | M6: 165 | N6: 160 | O6: - | P6: -
A7: =INDEX('Обработка исходного'!B:B,ROW($B$3)+4*(ROW($B7)-ROW($B$3))) -> Сталь углеродистая | B7: =INDEX('Обработка исходного'!D:D,ROW($B$3)+4*(ROW($B7)-ROW($B$3))) -> Ст3сп5 | C7: =IF(ISBLANK(INDEX('Обработка исходного'!E:E,ROW($B$3)+4*(ROW($B7)-ROW($B$3)))),"",INDEX('Обработка исходного'!E:E,ROW($B$3)+4*(ROW($B7)-ROW($B$3)))) -> Поковки диаметром или толщиной до 300 мм, КП175* | D7: 200 | E7: 197 | F7: 195 | G7: 192 | H7: 190 | I7: 185 | J7: 180 | K7: 175 | L7: 170 | M7: 165 | N7: 160 | O7: - | P7: -
A8: =INDEX('Обработка исходного'!B:B,ROW($B$3)+4*(ROW($B8)-ROW($B$3))) -> Сталь углеродистая | B8: =INDEX('Обработка исходного'!D:D,ROW($B$3)+4*(ROW($B8)-ROW($B$3))) -> Ст3сп5 | C8: =IF(ISBLANK(INDEX('Обработка исходного'!E:E,ROW($B$3)+4*(ROW($B8)-ROW($B$3)))),"",INDEX('Обработка исходного'!E:E,ROW($B$3)+4*(ROW($B8)-ROW($B$3)))) -> Поковки диаметром или толщиной до 300 мм, КП195* | D8: 200 | E8: 197 | F8: 195 | G8: 192 | H8: 190 | I8: 185 | J8: 180 | K8: 175 | L8: 170 | M8: 165 | N8: 160 | O8: - | P8: -
A9: =INDEX('Обработка исходного'!B:B,ROW($B$3)+4*(ROW($B9)-ROW($B$3))) -> Сталь углеродистая | B9: =INDEX('Обработка исходного'!D:D,ROW($B$3)+4*(ROW($B9)-ROW($B$3))) -> Ст3сп5 | C9: =IF(ISBLANK(INDEX('Обработка исходного'!E:E,ROW($B$3)+4*(ROW($B9)-ROW($B$3)))),"",INDEX('Обработка исходного'!E:E,ROW($B$3)+4*(ROW($B9)-ROW($B$3)))) -> Поковки диаметром или толщиной до 50 мм, КП215* | D9: 200 | E9: 197 | F9: 195 | G9: 192 | H9: 190 | I9: 185 | J9: 180 | K9: 175 | L9: 170 | M9: 165 | N9: 160 | O9: - | P9: -
A10: =INDEX('Обработка исходного'!B:B,ROW($B$3)+4*(ROW($B10)-ROW($B$3))) -> Сталь углеродистая | B10: =INDEX('Обработка исходного'!D:D,ROW($B$3)+4*(ROW($B10)-ROW($B$3))) -> 10 | C10: =IF(ISBLANK(INDEX('Обработка исходного'!E:E,ROW($B$3)+4*(ROW($B10)-ROW($B$3)))),"",INDEX('Обработка исходного'!E:E,ROW($B$3)+4*(ROW($B10)-ROW($B$3)))) -> Трубы холодно- и теплодеформированные бесшовные | D10: 200 | E10: 197 | F10: 195 | G10: 192 | H10: 190 | I10: 185 | J10: 180 | K10: 175 | L10: 170 | M10: 165 | N10: 160 | O10: - | P10: -
A11: =INDEX('Обработка исходного'!B:B,ROW($B$3)+4*(ROW($B11)-ROW($B$3))) -> Сталь углеродистая | B11: =INDEX('Обработка исходного'!D:D,ROW($B$3)+4*(ROW($B11)-ROW($B$3))) -> 10 | C11: =IF(ISBLANK(INDEX('Обработка исходного'!E:E,ROW($B$3)+4*(ROW($B11)-ROW($B$3)))),"",INDEX('Обработка исходного'!E:E,ROW($B$3)+4*(ROW($B11)-ROW($B$3)))) -> Сортовая горячекатаная и кованая сталь толщиной или диаметром до 80 мм | D11: 200 | E11: 197 | F11: 195 | G11: 192 | H11: 190 | I11: 185 | J11: 180 | K11: 175 | L11: 170 | M11: 165 | N11: 160 | O11: - | P11: -
A12: =INDEX('Обработка исходного'!B:B,ROW($B$3)+4*(ROW($B12)-ROW($B$3))) -> Сталь углеродистая | B12: =INDEX('Обработка исходного'!D:D,ROW($B$3)+4*(ROW($B12)-ROW($B$3))) -> 15 | C12: =IF(ISBLANK(INDEX('Обработка исходного'!E:E,ROW($B$3)+4*(ROW($B12)-ROW($B$3)))),"",INDEX('Обработка исходного'!E:E,ROW($B$3)+4*(ROW($B12)-ROW($B$3)))) -> Сортовая горячекатаная сталь толщиной или диаметром до 80 мм | D12: 200 | E12: 197 | F12: 195 | G12: 192 | H12: 190 | I12: 185 | J12: 180 | K12: 175 | L12: 170 | M12: 165 | N12: 160 | O12: - | P12: -
A13: =INDEX('Обработка исходного'!B:B,ROW($B$3)+4*(ROW($B13)-ROW($B$3))) -> Сталь углеродистая | B13: =INDEX('Обработка исходного'!D:D,ROW($B$3)+4*(ROW($B13)-ROW($B$3))) -> 15 | C13: =IF(ISBLANK(INDEX('Обработка исходного'!E:E,ROW($B$3)+4*(ROW($B13)-ROW($B$3)))),"",INDEX('Обработка исходного'!E:E,ROW($B$3)+4*(ROW($B13)-ROW($B$3)))) -> Поковки диаметром до 300 мм, КП175* | D13: 200 | E13: 197 | F13: 195 | G13: 192 | H13: 190 | I13: 185 | J13: 180 | K13: 175 | L13: 170 | M13: 165 | N13: 160 | O13: - | P13: -
A14: =INDEX('Обработка исходного'!B:B,ROW($B$3)+4*(ROW($B14)-ROW($B$3))) -> Сталь углеродистая | B14: =INDEX('Обработка исходного'!D:D,ROW($B$3)+4*(ROW($B14)-ROW($B$3))) -> 15 | C14: =IF(ISBLANK(INDEX('Обработка исходного'!E:E,ROW($B$3)+4*(ROW($B14)-ROW($B$3)))),"",INDEX('Обработка исходного'!E:E,ROW($B$3)+4*(ROW($B14)-ROW($B$3)))) -> Поковки диаметром до 100 мм, КП195* | D14: 200 | E14: 197 | F14: 195 | G14: 192 | H14: 190 | I14: 185 | J14: 180 | K14: 175 | L14: 170 | M14: 165 | N14: 160 | O14: - | P14: -
... A60: =INDEX('Обработка исходного'!B:B,ROW($B$3)+4*(ROW($B60)-ROW($B$3))) -> Сталь углеродистая | B60: =INDEX('Обработка исходного'!D:D,ROW($B$3)+4*(ROW($B60)-ROW($B$3))) -> 45 | C60: =IF(ISBLANK(INDEX('Обработка исходного'!E:E,ROW($B$3)+4*(ROW($B60)-ROW($B$3)))),"",INDEX('Обработка исходного'!E:E,ROW($B$3)+4*(ROW($B60)-ROW($B$3)))) -> Поковки диаметром до 100 мм, КП395* | D60: 210 | E60: 207 | F60: 205 | G60: 200 | H60: 195 | I60: 190 | J60: 185 | K60: 180 | L60: 175 | M60: 167 | N60: 160 | O60: - | P60: -
A61: =INDEX('Обработка исходного'!B:B,ROW($B$3)+4*(ROW($B61)-ROW($B$3))) -> Сталь легированная | B61: =INDEX('Обработка исходного'!D:D,ROW($B$3)+4*(ROW($B61)-ROW($B$3))) -> 20X | C61: =IF(ISBLANK(INDEX('Обработка исходного'!E:E,ROW($B$3)+4*(ROW($B61)-ROW($B$3)))),"",INDEX('Обработка исходного'!E:E,ROW($B$3)+4*(ROW($B61)-ROW($B$3)))) -> Прутки и полосы диаметром или толщиной до 80 мм | D61: 210 | E61: 207 | F61: 205 | G61: 202 | H61: 200 | I61: 197 | J61: 195 | K61: 190 | L61: 185 | M61: 180 | N61: 175 | O61: 170 | P61: 165
A62: =INDEX('Обработка исходного'!B:B,ROW($B$3)+4*(ROW($B62)-ROW($B$3))) -> Сталь легированная | B62: =INDEX('Обработка исходного'!D:D,ROW($B$3)+4*(ROW($B62)-ROW($B$3))) -> 20X | C62: =IF(ISBLANK(INDEX('Обработка исходного'!E:E,ROW($B$3)+4*(ROW($B62)-ROW($B$3)))),"",INDEX('Обработка исходного'!E:E,ROW($B$3)+4*(ROW($B62)-ROW($B$3)))) -> Прутки и полосы диаметром или толщиной от 80 до 150 мм | D62: 210 | E62: 207 | F62: 205 | G62: 202 | H62: 200 | I62: 197 | J62: 195 | K62: 190 | L62: 185 | M62: 180 | N62: 175 | O62: 170 | P62: 165
A63: =INDEX('Обработка исходного'!B:B,ROW($B$3)+4*(ROW($B63)-ROW($B$3))) -> Сталь легированная | B63: =INDEX('Обработка исходного'!D:D,ROW($B$3)+4*(ROW($B63)-ROW($B$3))) -> 20X | C63: =IF(ISBLANK(INDEX('Обработка исходного'!E:E,ROW($B$3)+4*(ROW($B63)-ROW($B$3)))),"",INDEX('Обработка исходного'!E:E,ROW($B$3)+4*(ROW($B63)-ROW($B$3)))) -> Прутки и полосы диаметром или толщиной от 150 до 250 мм | D63: 210 | E63: 207 | F63: 205 | G63: 202 | H63: 200 | I63: 197 | J63: 195 | K63: 190 | L63: 185 | M63: 180 | N63: 175 | O63: 170 | P63: 165
A64: =INDEX('Обработка исходного'!B:B,ROW($B$3)+4*(ROW($B64)-ROW($B$3))) -> Сталь легированная | B64: =INDEX('Обработка исходного'!D:D,ROW($B$3)+4*(ROW($B64)-ROW($B$3))) -> 20X | C64: =IF(ISBLANK(INDEX('Обработка исходного'!E:E,ROW($B$3)+4*(ROW($B64)-ROW($B$3)))),"",INDEX('Обработка исходного'!E:E,ROW($B$3)+4*(ROW($B64)-ROW($B$3)))) -> Поковки диаметром до 500 мм, КП195* | D64: 210 | E64: 207 | F64: 205 | G64: 202 | H64: 200 | I64: 197 | J64: 195 | K64: 190 | L64: 185 | M64: 180 | N64: 175 | O64: 170 | P64: 165
A65: =INDEX('Обработка исходного'!B:B,ROW($B$3)+4*(ROW($B65)-ROW($B$3))) -> Сталь легированная | B65: =INDEX('Обработка исходного'!D:D,ROW($B$3)+4*(ROW($B65)-ROW($B$3))) -> 20X | C65: =IF(ISBLANK(INDEX('Обработка исходного'!E:E,ROW($B$3)+4*(ROW($B65)-ROW($B$3)))),"",INDEX('Обработка исходного'!E:E,ROW($B$3)+4*(ROW($B65)-ROW($B$3)))) -> Поковки диаметром до 300 мм, КП215* | D65: 210 | E65: 207 | F65: 205 | G65: 202 | H65: 200 | I65: 197 | J65: 195 | K65: 190 | L65: 185 | M65: 180 | N65: 175 | O65: 170 | P65: 165
A66: =INDEX('Обработка исходного'!B:B,ROW($B$3)+4*(ROW($B66)-ROW($B$3))) -> Сталь легированная | B66: =INDEX('Обработка исходного'!D:D,ROW($B$3)+4*(ROW($B66)-ROW($B$3))) -> 20X | C66: =IF(ISBLANK(INDEX('Обработка исходного'!E:E,ROW($B$3)+4*(ROW($B66)-ROW($B$3)))),"",INDEX('Обработка исходного'!E:E,ROW($B$3)+4*(ROW($B66)-ROW($B$3)))) -> Поковки диаметром до 300 мм, КП245* | D66: 210 | E66: 207 | F66: 205 | G66: 202 | H66: 200 | I66: 197 | J66: 195 | K66: 190 | L66: 185 | M66: 180 | N66: 175 | O66: 170 | P66: 165
A67: =INDEX('Обработка исходного'!B:B,ROW($B$3)+4*(ROW($B67)-ROW($B$3))) -> Сталь легированная | B67: =INDEX('Обработка исходного'!D:D,ROW($B$3)+4*(ROW($B67)-ROW($B$3))) -> 20X | C67: =IF(ISBLANK(INDEX('Обработка исходного'!E:E,ROW($B$3)+4*(ROW($B67)-ROW($B$3)))),"",INDEX('Обработка исходного'!E:E,ROW($B$3)+4*(ROW($B67)-ROW($B$3)))) -> Поковки диаметром до 300 мм, КП275* | D67: 210 | E67: 207 | F67: 205 | G67: 202 | H67: 200 | I67: 197 | J67: 195 | K67: 190 | L67: 185 | M67: 180 | N67: 175 | O67: 170 | P67: 165
A68: =INDEX('Обработка исходного'!B:B,ROW($B$3)+4*(ROW($B68)-ROW($B$3))) -> Сталь легированная | B68: =INDEX('Обработка исходного'!D:D,ROW($B$3)+4*(ROW($B68)-ROW($B$3))) -> 20X | C68: =IF(ISBLANK(INDEX('Обработка исходного'!E:E,ROW($B$3)+4*(ROW($B68)-ROW($B$3)))),"",INDEX('Обработка исходного'!E:E,ROW($B$3)+4*(ROW($B68)-ROW($B$3)))) -> Поковки диаметром от 100 до 300 мм, КП315* | D68: 210 | E68: 207 | F68: 205 | G68: 202 | H68: 200 | I68: 197 | J68: 195 | K68: 190 | L68: 185 | M68: 180 | N68: 175 | O68: 170 | P68: 165
A69: =INDEX('Обработка исходного'!B:B,ROW($B$3)+4*(ROW($B69)-ROW($B$3))) -> Сталь легированная | B69: =INDEX('Обработка исходного'!D:D,ROW($B$3)+4*(ROW($B69)-ROW($B$3))) -> 20X | C69: =IF(ISBLANK(INDEX('Обработка исходного'!E:E,ROW($B$3)+4*(ROW($B69)-ROW($B$3)))),"",INDEX('Обработка исходного'!E:E,ROW($B$3)+4*(ROW($B69)-ROW($B$3)))) -> Поковки диаметром от 100 до 300 мм, КП345* | D69: 210 | E69: 207 | F69: 205 | G69: 202 | H69: 200 | I69: 197 | J69: 195 | K69: 190 | L69: 185 | M69: 180 | N69: 175 | O69: 170 | P69: 165
A70: =INDEX('Обработка исходного'!B:B,ROW($B$3)+4*(ROW($B70)-ROW($B$3))) -> Сталь легированная | B70: =INDEX('Обработка исходного'!D:D,ROW($B$3)+4*(ROW($B70)-ROW($B$3))) -> 30Х | C70: =IF(ISBLANK(INDEX('Обработка исходного'!E:E,ROW($B$3)+4*(ROW($B70)-ROW($B$3)))),"",INDEX('Обработка исходного'!E:E,ROW($B$3)+4*(ROW($B70)-ROW($B$3)))) -> Прутки, полосы диаметром или толщиной до 80 мм | D70: 215 | E70: 212 | F70: 210 | G70: 207 | H70: 205 | I70: 202 | J70: 200 | K70: 195 | L70: 190 | M70: 185 | N70: 180 | O70: 175 | P70: 170
A71: =INDEX('Обработка исходного'!B:B,ROW($B$3)+4*(ROW($B71)-ROW($B$3))) -> Сталь легированная | B71: =INDEX('Обработка исходного'!D:D,ROW($B$3)+4*(ROW($B71)-ROW($B$3))) -> 30Х | C71: =IF(ISBLANK(INDEX('Обработка исходного'!E:E,ROW($B$3)+4*(ROW($B71)-ROW($B$3)))),"",INDEX('Обработка исходного'!E:E,ROW($B$3)+4*(ROW($B71)-ROW($B$3)))) -> Прутки, полосы диаметром или толщиной от 80 до 150 мм | D71: 215 | E71: 212 | F71: 210 | G71: 207 | H71: 205 | I71: 202 | J71: 200 | K71: 195 | L71: 190 | M71: 185 | N71: 180 | O71: 175 | P71: 170
A72: =INDEX('Обработка исходного'!B:B,ROW($B$3)+4*(ROW($B72)-ROW($B$3))) -> Сталь легированная | B72: =INDEX('Обработка исходного'!D:D,ROW($B$3)+4*(ROW($B72)-ROW($B$3))) -> 30Х | C72: =IF(ISBLANK(INDEX('Обработка исходного'!E:E,ROW($B$3)+4*(ROW($B72)-ROW($B$3)))),"",INDEX('Обработка исходного'!E:E,ROW($B$3)+4*(ROW($B72)-ROW($B$3)))) -> Прутки, полосы диаметром или толщиной от 150 до 250 мм | D72: 215 | E72: 212 | F72: 210 | G72: 207 | H72: 205 | I72: 202 | J72: 200 | K72: 195 | L72: 190 | M72: 185 | N72: 180 | O72: 175 | P72: 170
... A359: =INDEX('Обработка исходного'!B:B,ROW($B$3)+4*(ROW($B359)-ROW($B$3))) -> Сплав на железоникелевой основе | B359: =INDEX('Обработка исходного'!D:D,ROW($B$3)+4*(ROW($B359)-ROW($B$3))) -> Сплав 0Х20Н46Б | C359: =IF(ISBLANK(INDEX('Обработка исходного'!E:E,ROW($B$3)+4*(ROW($B359)-ROW($B$3)))),"",INDEX('Обработка исходного'!E:E,ROW($B$3)+4*(ROW($B359)-ROW($B$3)))) -> Прутки круглого и квадратного сечения толщиной или диаметром от 30 до 170 мм | D359: 205 | E359: 202 | F359: 200 | G359: 195 | H359: 190 | I359: 185 | J359: 180 | K359: 175 | L359: 170 | M359: 167 | N359: 165 | O359: 162 | P359: 160

Sheet σ и σw, МПа
A1: Класс материала | B1: Марка стали или сплава | C1: Сортамент | D1: Основная конструкция | Q1: Болты и шпильки
D2: 20 | E2: 50 | F2: 100 | G2: 150 | H2: 200 | I2: 250 | J2: 300 | K2: 350 | L2: 400 | M2: 450 | N2: 500 | O2: 550 | P2: 600 | Q2: 20 | R2: 50 | S2: 100 | T2: 150 | U2: 200 | V2: 250 | W2: 300 | X2: 350 | Y2: 400 | Z2: 450 | AA2: 500 | AB2: 550 | AC2: 600
A3: =INDEX('Обработка исходного'!B:B,ROW($B$3)+4*(ROW($B3)-ROW($B$3))) -> Сталь углеродистая | B3: =INDEX('Обработка исходного'!D:D,ROW($B$3)+4*(ROW($B3)-ROW($B$3))) -> Ст3сп5 | C3: ='Rp0,2, МПа'!C3 -> Горячекатаная сортовая фасонная и листовая сталь толщиной до 20 мм | D3: =IFERROR(MIN('Rp0,2, МПа'!D3/1.5,'Rm, МПа'!D3/2.6),"-") -> 143.46154 | E3: =IFERROR(MIN('Rp0,2, МПа'!E3/1.5,'Rm, МПа'!E3/2.6),"-") -> 139.61538 | F3: =IFERROR(MIN('Rp0,2, МПа'!F3/1.5,'Rm, МПа'!F3/2.6),"-") -> 135.76923 | G3: =IFERROR(MIN('Rp0,2, МПа'!G3/1.5,'Rm, МПа'!G3/2.6),"-") -> 135.76923 | H3: =IFERROR(MIN('Rp0,2, МПа'!H3/1.5,'Rm, МПа'!H3/2.6),"-") -> 131.92308 | I3: =IFERROR(MIN('Rp0,2, МПа'!I3/1.5,'Rm, МПа'!I3/2.6),"-") -> 124.23077 | J3: =IFERROR(MIN('Rp0,2, МПа'!J3/1.5,'Rm, МПа'!J3/2.6),"-") -> 109.23077 | K3: =IFERROR(MIN('Rp0,2, МПа'!K3/1.5,'Rm, МПа'!K3/2.6),"-") -> - | ... P3: =IFERROR(MIN('Rp0,2, МПа'!P3/1.5,'Rm, МПа'!P3/2.6),"-") -> - | Q3: =IFERROR('Rp0,2, МПа'!D3/2,"-") -> 122.5 | R3: =IFERROR('Rp0,2, МПа'!E3/2,"-") -> 117.5 | S3: =IFERROR('Rp0,2, МПа'!F3/2,"-") -> 117.5 | T3: =IFERROR('Rp0,2, МПа'!G3/2,"-") -> 117.5 | U3: =IFERROR('Rp0,2, МПа'!H3/2,"-") -> 117.5 | V3: =IFERROR('Rp0,2, МПа'!I3/2,"-") -> 103 | W3: =IFERROR('Rp0,2, МПа'!J3/2,"-") -> 93 | X3: =IFERROR('Rp0,2, МПа'!K3/2,"-") -> - | ... AC3: =IFERROR('Rp0,2, МПа'!P3/2,"-") -> -
A4: =INDEX('Обработка исходного'!B:B,ROW($B$3)+4*(ROW($B4)-ROW($B$3))) -> Сталь углеродистая | B4: =INDEX('Обработка исходного'!D:D,ROW($B$3)+4*(ROW($B4)-ROW($B$3))) -> Ст3сп5 | C4: ='Rp0,2, МПа'!C4 -> Горячекатаная сортовая фасонная и листовая сталь толщиной от 20 до 100 мм | D4: =IFERROR(MIN('Rp0,2, МПа'!D4/1.5,'Rm, МПа'!D4/2.6),"-") -> 137.33333 | E4: =IFERROR(MIN('Rp0,2, МПа'!E4/1.5,'Rm, МПа'!E4/2.6),"-") -> 130.66667 | F4: =IFERROR(MIN('Rp0,2, МПа'!F4/1.5,'Rm, МПа'!F4/2.6),"-") -> 130.66667 | G4: =IFERROR(MIN('Rp0,2, МПа'!G4/1.5,'Rm, МПа'!G4/2.6),"-") -> 130.66667 | H4: =IFERROR(MIN('Rp0,2, МПа'!H4/1.5,'Rm, МПа'!H4/2.6),"-") -> 130.66667 | I4: =IFERROR(MIN('Rp0,2, МПа'!I4/1.5,'Rm, МПа'!I4/2.6),"-") -> 118 | J4: =IFERROR(MIN('Rp0,2, МПа'!J4/1.5,'Rm, МПа'!J4/2.6),"-") -> 104.66667 | K4: =IFERROR(MIN('Rp0,2, МПа'!K4/1.5,'Rm, МПа'!K4/2.6),"-") -> - | ... P4: =IFERROR(MIN('Rp0,2, МПа'!P4/1.5,'Rm, МПа'!P4/2.6),"-") -> - | Q4: =IFERROR('Rp0,2, МПа'!D4/2,"-") -> 103 | R4: =IFERROR('Rp0,2, МПа'!E4/2,"-") -> 98 | S4: =IFERROR('Rp0,2, МПа'!F4/2,"-") -> 98 | T4: =IFERROR('Rp0,2, МПа'!G4/2,"-") -> 98 | U4: =IFERROR('Rp0,2, МПа'!H4/2,"-") -> 98 | V4: =IFERROR('Rp0,2, МПа'!I4/2,"-") -> 88.5 | W4: =IFERROR('Rp0,2, МПа'!J4/2,"-") -> 78.5 | X4: =IFERROR('Rp0,2, МПа'!K4/2,"-") -> - | ... AC4: =IFERROR('Rp0,2, МПа'!P4/2,"-") -> -
A5: =INDEX('Обработка исходного'!B:B,ROW($B$3)+4*(ROW($B5)-ROW($B$3))) -> Сталь углеродистая | B5: =INDEX('Обработка исходного'!D:D,ROW($B$3)+4*(ROW($B5)-ROW($B$3))) -> Ст3сп5 | C5: ='Rp0,2, МПа'!C5 -> Горячекатаная сортовая фасонная и листовая сталь толщиной более 100 мм | D5: =IFERROR(MIN('Rp0,2, МПа'!D5/1.5,'Rm, МПа'!D5/2.6),"-") -> 137.33333 | E5: =IFERROR(MIN('Rp0,2, МПа'!E5/1.5,'Rm, МПа'!E5/2.6),"-") -> 130.66667 | F5: =IFERROR(MIN('Rp0,2, МПа'!F5/1.5,'Rm, МПа'!F5/2.6),"-") -> 130.66667 | G5: =IFERROR(MIN('Rp0,2, МПа'!G5/1.5,'Rm, МПа'!G5/2.6),"-") -> 130.66667 | H5: =IFERROR(MIN('Rp0,2, МПа'!H5/1.5,'Rm, МПа'!H5/2.6),"-") -> 130.66667 | I5: =IFERROR(MIN('Rp0,2, МПа'!I5/1.5,'Rm, МПа'!I5/2.6),"-") -> 118 | J5: =IFERROR(MIN('Rp0,2, МПа'!J5/1.5,'Rm, МПа'!J5/2.6),"-") -> 104.66667 | K5: =IFERROR(MIN('Rp0,2, МПа'!K5/1.5,'Rm, МПа'!K5/2.6),"-") -> - | ... P5: =IFERROR(MIN('Rp0,2, МПа'!P5/1.5,'Rm, МПа'!P5/2.6),"-") -> - | Q5: =IFERROR('Rp0,2, МПа'!D5/2,"-") -> 103 | R5: =IFERROR('Rp0,2, МПа'!E5/2,"-") -> 98 | S5: =IFERROR('Rp0,2, МПа'!F5/2,"-") -> 98 | T5: =IFERROR('Rp0,2, МПа'!G5/2,"-") -> 98 | U5: =IFERROR('Rp0,2, МПа'!H5/2,"-") -> 98 | V5: =IFERROR('Rp0,2, МПа'!I5/2,"-") -> 88.5 | W5: =IFERROR('Rp0,2, МПа'!J5/2,"-") -> 78.5 | X5: =IFERROR('Rp0,2, МПа'!K5/2,"-") -> - | ... AC5: =IFERROR('Rp0,2, МПа'!P5/2,"-") -> -
A6: =INDEX('Обработка исходного'!B:B,ROW($B$3)+4*(ROW($B6)-ROW($B$3))) -> Сталь углеродистая | B6: =INDEX('Обработка исходного'!D:D,ROW($B$3)+4*(ROW($B6)-ROW($B$3))) -> Ст3сп5 | C6: ='Rp0,2, МПа'!C6 -> Трубы | D6: =IFERROR(MIN('Rp0,2, МПа'!D6/1.5,'Rm, МПа'!D6/2.6),"-") -> 137.33333 | E6: =IFERROR(MIN('Rp0,2, МПа'!E6/1.5,'Rm, МПа'!E6/2.6),"-") -> 130.66667 | F6: =IFERROR(MIN('Rp0,2, МПа'!F6/1.5,'Rm, МПа'!F6/2.6),"-") -> 130.66667 | G6: =IFERROR(MIN('Rp0,2, МПа'!G6/1.5,'Rm, МПа'!G6/2.6),"-") -> 130.66667 | H6: =IFERROR(MIN('Rp0,2, МПа'!H6/1.5,'Rm, МПа'!H6/2.6),"-") -> 130.66667 | I6: =IFERROR(MIN('Rp0,2, МПа'!I6/1.5,'Rm, МПа'!I6/2.6),"-") -> 118 | J6: =IFERROR(MIN('Rp0,2, МПа'!J6/1.5,'Rm, МПа'!J6/2.6),"-") -> 104.66667 | K6: =IFERROR(MIN('Rp0,2, МПа'!K6/1.5,'Rm, МПа'!K6/2.6),"-") -> - | ... P6: =IFERROR(MIN('Rp0,2, МПа'!P6/1.5,'Rm, МПа'!P6/2.6),"-") -> - | Q6: =IFERROR('Rp0,2, МПа'!D6/2,"-") -> 103 | R6: =IFERROR('Rp0,2, МПа'!E6/2,"-") -> 98 | S6: =IFERROR('Rp0,2, МПа'!F6/2,"-") -> 98 | T6: =IFERROR('Rp0,2, МПа'!G6/2,"-") -> 98 | U6: =IFERROR('Rp0,2, МПа'!H6/2,"-") -> 98 | V6: =IFERROR('Rp0,2, МПа'!I6/2,"-") -> 88.5 | W6: =IFERROR('Rp0,2, МПа'!J6/2,"-") -> 78.5 | X6: =IFERROR('Rp0,2, МПа'!K6/2,"-") -> - | ... AC6: =IFERROR('Rp0,2, МПа'!P6/2,"-") -> -
A7: =INDEX('Обработка исходного'!B:B,ROW($B$3)+4*(ROW($B7)-ROW($B$3))) -> Сталь углеродистая | B7: =INDEX('Обработка исходного'!D:D,ROW($B$3)+4*(ROW($B7)-ROW($B$3))) -> Ст3сп5 | C7: ='Rp0,2, МПа'!C7 -> Поковки диаметром или толщиной до 300 мм, КП175* | D7: =IFERROR(MIN('Rp0,2, МПа'!D7/1.5,'Rm, МПа'!D7/2.6),"-") -> 116.66667 | E7: =IFERROR(MIN('Rp0,2, МПа'!E7/1.5,'Rm, МПа'!E7/2.6),"-") -> 111.33333 | F7: =IFERROR(MIN('Rp0,2, МПа'!F7/1.5,'Rm, МПа'!F7/2.6),"-") -> 111.33333 | G7: =IFERROR(MIN('Rp0,2, МПа'!G7/1.5,'Rm, МПа'!G7/2.6),"-") -> 111.33333 | H7: =IFERROR(MIN('Rp0,2, МПа'!H7/1.5,'Rm, МПа'!H7/2.6),"-") -> 104.66667 | I7: =IFERROR(MIN('Rp0,2, МПа'!I7/1.5,'Rm, МПа'!I7/2.6),"-") -> 98 | J7: =IFERROR(MIN('Rp0,2, МПа'!J7/1.5,'Rm, МПа'!J7/2.6),"-") -> 91.333333 | K7: =IFERROR(MIN('Rp0,2, МПа'!K7/1.5,'Rm, МПа'!K7/2.6),"-") -> - | ... P7: =IFERROR(MIN('Rp0,2, МПа'!P7/1.5,'Rm, МПа'!P7/2.6),"-") -> - | Q7: =IFERROR('Rp0,2, МПа'!D7/2,"-") -> 87.5 | R7: =IFERROR('Rp0,2, МПа'!E7/2,"-") -> 83.5 | S7: =IFERROR('Rp0,2, МПа'!F7/2,"-") -> 83.5 | T7: =IFERROR('Rp0,2, МПа'!G7/2,"-") -> 83.5 | U7: =IFERROR('Rp0,2, МПа'!H7/2,"-") -> 78.5 | V7: =IFERROR('Rp0,2, МПа'!I7/2,"-") -> 73.5 | W7: =IFERROR('Rp0,2, МПа'!J7/2,"-") -> 68.5 | X7: =IFERROR('Rp0,2, МПа'!K7/2,"-") -> - | ... AC7: =IFERROR('Rp0,2, МПа'!P7/2,"-") -> -
A8: =INDEX('Обработка исходного'!B:B,ROW($B$3)+4*(ROW($B8)-ROW($B$3))) -> Сталь углеродистая | B8: =INDEX('Обработка исходного'!D:D,ROW($B$3)+4*(ROW($B8)-ROW($B$3))) -> Ст3сп5 | C8: ='Rp0,2, МПа'!C8 -> Поковки диаметром или толщиной до 300 мм, КП195* | D8: =IFERROR(MIN('Rp0,2, МПа'!D8/1.5,'Rm, МПа'!D8/2.6),"-") -> 130 | E8: =IFERROR(MIN('Rp0,2, МПа'!E8/1.5,'Rm, МПа'!E8/2.6),"-") -> 130 | F8: =IFERROR(MIN('Rp0,2, МПа'!F8/1.5,'Rm, МПа'!F8/2.6),"-") -> 130 | G8: =IFERROR(MIN('Rp0,2, МПа'!G8/1.5,'Rm, МПа'!G8/2.6),"-") -> 130 | H8: =IFERROR(MIN('Rp0,2, МПа'!H8/1.5,'Rm, МПа'!H8/2.6),"-") -> 118 | I8: =IFERROR(MIN('Rp0,2, МПа'!I8/1.5,'Rm, МПа'!I8/2.6),"-") -> 111.33333 | J8: =IFERROR(MIN('Rp0,2, МПа'!J8/1.5,'Rm, МПа'!J8/2.6),"-") -> 98 | K8: =IFERROR(MIN('Rp0,2, МПа'!K8/1.5,'Rm, МПа'!K8/2.6),"-") -> - | ... P8: =IFERROR(MIN('Rp0,2, МПа'!P8/1.5,'Rm, МПа'!P8/2.6),"-") -> - | Q8: =IFERROR('Rp0,2, МПа'!D8/2,"-") -> 97.5 | R8: =IFERROR('Rp0,2, МПа'!E8/2,"-") -> 97.5 | S8: =IFERROR('Rp0,2, МПа'!F8/2,"-") -> 97.5 | T8: =IFERROR('Rp0,2, МПа'!G8/2,"-") -> 97.5 | U8: =IFERROR('Rp0,2, МПа'!H8/2,"-") -> 88.5 | V8: =IFERROR('Rp0,2, МПа'!I8/2,"-") -> 83.5 | W8: =IFERROR('Rp0,2, МПа'!J8/2,"-") -> 73.5 | X8: =IFERROR('Rp0,2, МПа'!K8/2,"-") -> - | ... AC8: =IFERROR('Rp0,2, МПа'!P8/2,"-") -> -
A9: =INDEX('Обработка исходного'!B:B,ROW($B$3)+4*(ROW($B9)-ROW($B$3))) -> Сталь углеродистая | B9: =INDEX('Обработка исходного'!D:D,ROW($B$3)+4*(ROW($B9)-ROW($B$3))) -> Ст3сп5 | C9: ='Rp0,2, МПа'!C9 -> Поковки диаметром или толщиной до 50 мм, КП215* | D9: =IFERROR(MIN('Rp0,2, МПа'!D9/1.5,'Rm, МПа'!D9/2.6),"-") -> 143.33333 | E9: =IFERROR(MIN('Rp0,2, МПа'!E9/1.5,'Rm, МПа'!E9/2.6),"-") -> 137.33333 | F9: =IFERROR(MIN('Rp0,2, МПа'!F9/1.5,'Rm, МПа'!F9/2.6),"-") -> 137.33333 | G9: =IFERROR(MIN('Rp0,2, МПа'!G9/1.5,'Rm, МПа'!G9/2.6),"-") -> 137.33333 | H9: =IFERROR(MIN('Rp0,2, МПа'!H9/1.5,'Rm, МПа'!H9/2.6),"-") -> 130.66667 | I9: =IFERROR(MIN('Rp0,2, МПа'!I9/1.5,'Rm, МПа'!I9/2.6),"-") -> 130.66667 | J9: =IFERROR(MIN('Rp0,2, МПа'!J9/1.5,'Rm, МПа'!J9/2.6),"-") -> 111.33333 | K9: =IFERROR(MIN('Rp0,2, МПа'!K9/1.5,'Rm, МПа'!K9/2.6),"-") -> - | ... P9: =IFERROR(MIN('Rp0,2, МПа'!P9/1.5,'Rm, МПа'!P9/2.6),"-") -> - | Q9: =IFERROR('Rp0,2, МПа'!D9/2,"-") -> 107.5 | R9: =IFERROR('Rp0,2, МПа'!E9/2,"-") -> 103 | S9: =IFERROR('Rp0,2, МПа'!F9/2,"-") -> 103 | T9: =IFERROR('Rp0,2, МПа'!G9/2,"-") -> 103 | U9: =IFERROR('Rp0,2, МПа'!H9/2,"-") -> 98 | V9: =IFERROR('Rp0,2, МПа'!I9/2,"-") -> 98 | W9: =IFERROR('Rp0,2, МПа'!J9/2,"-") -> 83.5 | X9: =IFERROR('Rp0,2, МПа'!K9/2,"-") -> - | ... AC9: =IFERROR('Rp0,2, МПа'!P9/2,"-") -> -
A10: =INDEX('Обработка исходного'!B:B,ROW($B$3)+4*(ROW($B10)-ROW($B$3))) -> Сталь углеродистая | B10: =INDEX('Обработка исходного'!D:D,ROW($B$3)+4*(ROW($B10)-ROW($B$3))) -> 10 | C10: ='Rp0,2, МПа'!C10 -> Трубы холодно- и теплодеформированные бесшовные | D10: =IFERROR(MIN('Rp0,2, МПа'!D10/1.5,'Rm, МПа'!D10/2.6),"-") -> 131.92308 | E10: =IFERROR(MIN('Rp0,2, МПа'!E10/1.5,'Rm, МПа'!E10/2.6),"-") -> 128.07692 | F10: =IFERROR(MIN('Rp0,2, МПа'!F10/1.5,'Rm, МПа'!F10/2.6),"-") -> 128.07692 | G10: =IFERROR(MIN('Rp0,2, МПа'!G10/1.5,'Rm, МПа'!G10/2.6),"-") -> 120.66667 | H10: =IFERROR(MIN('Rp0,2, МПа'!H10/1.5,'Rm, МПа'!H10/2.6),"-") -> 117.33333 | I10: =IFERROR(MIN('Rp0,2, МПа'!I10/1.5,'Rm, МПа'!I10/2.6),"-") -> 104.66667 | J10: =IFERROR(MIN('Rp0,2, МПа'!J10/1.5,'Rm, МПа'!J10/2.6),"-") -> 91.333333 | K10: =IFERROR(MIN('Rp0,2, МПа'!K10/1.5,'Rm, МПа'!K10/2.6),"-") -> 78.666667 | ... P10: =IFERROR(MIN('Rp0,2, МПа'!P10/1.5,'Rm, МПа'!P10/2.6),"-") -> - | Q10: =IFERROR('Rp0,2, МПа'!D10/2,"-") -> 103 | R10: =IFERROR('Rp0,2, МПа'!E10/2,"-") -> 98 | S10: =IFERROR('Rp0,2, МПа'!F10/2,"-") -> 97.5 | T10: =IFERROR('Rp0,2, МПа'!G10/2,"-") -> 90.5 | U10: =IFERROR('Rp0,2, МПа'!H10/2,"-") -> 88 | V10: =IFERROR('Rp0,2, МПа'!I10/2,"-") -> 78.5 | W10: =IFERROR('Rp0,2, МПа'!J10/2,"-") -> 68.5 | X10: =IFERROR('Rp0,2, МПа'!K10/2,"-") -> 59 | ... AC10: =IFERROR('Rp0,2, МПа'!P10/2,"-") -> -
A11: =INDEX('Обработка исходного'!B:B,ROW($B$3)+4*(ROW($B11)-ROW($B$3))) -> Сталь углеродистая | B11: =INDEX('Обработка исходного'!D:D,ROW($B$3)+4*(ROW($B11)-ROW($B$3))) -> 10 | C11: ='Rp0,2, МПа'!C11 -> Сортовая горячекатаная и кованая сталь толщиной или диаметром до 80 мм | D11: =IFERROR(MIN('Rp0,2, МПа'!D11/1.5,'Rm, МПа'!D11/2.6),"-") -> 124 | E11: =IFERROR(MIN('Rp0,2, МПа'!E11/1.5,'Rm, МПа'!E11/2.6),"-") -> 124 | F11: =IFERROR(MIN('Rp0,2, МПа'!F11/1.5,'Rm, МПа'!F11/2.6),"-") -> 124 | G11: =IFERROR(MIN('Rp0,2, МПа'!G11/1.5,'Rm, МПа'!G11/2.6),"-") -> 118 | H11: =IFERROR(MIN('Rp0,2, МПа'!H11/1.5,'Rm, МПа'!H11/2.6),"-") -> 118 | I11: =IFERROR(MIN('Rp0,2, МПа'!I11/1.5,'Rm, МПа'!I11/2.6),"-") -> 104.66667 | J11: =IFERROR(MIN('Rp0,2, МПа'!J11/1.5,'Rm, МПа'!J11/2.6),"-") -> 91.333333 | K11: =IFERROR(MIN('Rp0,2, МПа'!K11/1.5,'Rm, МПа'!K11/2.6),"-") -> 78.666667 | ... P11: =IFERROR(MIN('Rp0,2, МПа'!P11/1.5,'Rm, МПа'!P11/2.6),"-") -> - | Q11: =IFERROR('Rp0,2, МПа'!D11/2,"-") -> 93 | R11: =IFERROR('Rp0,2, МПа'!E11/2,"-") -> 93 | S11: =IFERROR('Rp0,2, МПа'!F11/2,"-") -> 93 | T11: =IFERROR('Rp0,2, МПа'!G11/2,"-") -> 88.5 | U11: =IFERROR('Rp0,2, МПа'!H11/2,"-") -> 88.5 | V11: =IFERROR('Rp0,2, МПа'!I11/2,"-") -> 78.5 | W11: =IFERROR('Rp0,2, МПа'!J11/2,"-") -> 68.5 | X11: =IFERROR('Rp0,2, МПа'!K11/2,"-") -> 59 | ... AC11: =IFERROR('Rp0,2, МПа'!P11/2,"-") -> -
A12: =INDEX('Обработка исходного'!B:B,ROW($B$3)+4*(ROW($B12)-ROW($B$3))) -> Сталь углеродистая | B12: =INDEX('Обработка исходного'!D:D,ROW($B$3)+4*(ROW($B12)-ROW($B$3))) -> 15 | C12: ='Rp0,2, МПа'!C12 -> Сортовая горячекатаная сталь толщиной или диаметром до 80 мм | D12: =IFERROR(MIN('Rp0,2, МПа'!D12/1.5,'Rm, МПа'!D12/2.6),"-") -> 143.46154 | E12: =IFERROR(MIN('Rp0,2, МПа'!E12/1.5,'Rm, МПа'!E12/2.6),"-") -> 143.46154 | F12: =IFERROR(MIN('Rp0,2, МПа'!F12/1.5,'Rm, МПа'!F12/2.6),"-") -> 139.61538 | G12: =IFERROR(MIN('Rp0,2, МПа'!G12/1.5,'Rm, МПа'!G12/2.6),"-") -> 130.66667 | H12: =IFERROR(MIN('Rp0,2, МПа'!H12/1.5,'Rm, МПа'!H12/2.6),"-") -> 130.66667 | I12: =IFERROR(MIN('Rp0,2, МПа'!I12/1.5,'Rm, МПа'!I12/2.6),"-") -> 128.07692 | J12: =IFERROR(MIN('Rp0,2, МПа'!J12/1.5,'Rm, МПа'!J12/2.6),"-") -> 128.07692 | K12: =IFERROR(MIN('Rp0,2, МПа'!K12/1.5,'Rm, МПа'!K12/2.6),"-") -> 128.07692 | ... P12: =IFERROR(MIN('Rp0,2, МПа'!P12/1.5,'Rm, МПа'!P12/2.6),"-") -> - | Q12: =IFERROR('Rp0,2, МПа'!D12/2,"-") -> 113 | R12: =IFERROR('Rp0,2, МПа'!E12/2,"-") -> 108 | S12: =IFERROR('Rp0,2, МПа'!F12/2,"-") -> 108 | T12: =IFERROR('Rp0,2, МПа'!G12/2,"-") -> 98 | U12: =IFERROR('Rp0,2, МПа'!H12/2,"-") -> 98 | V12: =IFERROR('Rp0,2, МПа'!I12/2,"-") -> 98 | W12: =IFERROR('Rp0,2, МПа'!J12/2,"-") -> 98 | X12: =IFERROR('Rp0,2, МПа'!K12/2,"-") -> 98 | ... AC12: =IFERROR('Rp0,2, МПа'!P12/2,"-") -> -
A13: =INDEX('Обработка исходного'!B:B,ROW($B$3)+4*(ROW($B13)-ROW($B$3))) -> Сталь углеродистая | B13: =INDEX('Обработка исходного'!D:D,ROW($B$3)+4*(ROW($B13)-ROW($B$3))) -> 15 | C13: ='Rp0,2, МПа'!C13 -> Поковки диаметром до 300 мм, КП175* | D13: =IFERROR(MIN('Rp0,2, МПа'!D13/1.5,'Rm, МПа'!D13/2.6),"-") -> 116.66667 | E13: =IFERROR(MIN('Rp0,2, МПа'!E13/1.5,'Rm, МПа'!E13/2.6),"-") -> 111.33333 | F13: =IFERROR(MIN('Rp0,2, МПа'!F13/1.5,'Rm, МПа'!F13/2.6),"-") -> 104.66667 | G13: =IFERROR(MIN('Rp0,2, МПа'!G13/1.5,'Rm, МПа'!G13/2.6),"-") -> 98 | H13: =IFERROR(MIN('Rp0,2, МПа'!H13/1.5,'Rm, МПа'!H13/2.6),"-") -> 98 | I13: =IFERROR(MIN('Rp0,2, МПа'!I13/1.5,'Rm, МПа'!I13/2.6),"-") -> 85.333333 | J13: =IFERROR(MIN('Rp0,2, МПа'!J13/1.5,'Rm, МПа'!J13/2.6),"-") -> 78.666667 | K13: =IFERROR(MIN('Rp0,2, МПа'!K13/1.5,'Rm, МПа'!K13/2.6),"-") -> 78.666667 | ... P13: =IFERROR(MIN('Rp0,2, МПа'!P13/1.5,'Rm, МПа'!P13/2.6),"-") -> - | Q13: =IFERROR('Rp0,2, МПа'!D13/2,"-") -> 87.5 | R13: =IFERROR('Rp0,2, МПа'!E13/2,"-") -> 83.5 | S13: =IFERROR('Rp0,2, МПа'!F13/2,"-") -> 78.5 | T13: =IFERROR('Rp0,2, МПа'!G13/2,"-") -> 73.5 | U13: =IFERROR('Rp0,2, МПа'!H13/2,"-") -> 73.5 | V13: =IFERROR('Rp0,2, МПа'!I13/2,"-") -> 64 | W13: =IFERROR('Rp0,2, МПа'!J13/2,"-") -> 59 | X13: =IFERROR('Rp0,2, МПа'!K13/2,"-") -> 59 | ... AC13: =IFERROR('Rp0,2, МПа'!P13/2,"-") -> -
A14: =INDEX('Обработка исходного'!B:B,ROW($B$3)+4*(ROW($B14)-ROW($B$3))) -> Сталь углеродистая | B14: =INDEX('Обработка исходного'!D:D,ROW($B$3)+4*(ROW($B14)-ROW($B$3))) -> 15 | C14: ='Rp0,2, МПа'!C14 -> Поковки диаметром до 100 мм, КП195* | D14: =IFERROR(MIN('Rp0,2, МПа'!D14/1.5,'Rm, МПа'!D14/2.6),"-") -> 130 | E14: =IFERROR(MIN('Rp0,2, МПа'!E14/1.5,'Rm, МПа'!E14/2.6),"-") -> 130 | F14: =IFERROR(MIN('Rp0,2, МПа'!F14/1.5,'Rm, МПа'!F14/2.6),"-") -> 118 | G14: =IFERROR(MIN('Rp0,2, МПа'!G14/1.5,'Rm, МПа'!G14/2.6),"-") -> 111.33333 | H14: =IFERROR(MIN('Rp0,2, МПа'!H14/1.5,'Rm, МПа'!H14/2.6),"-") -> 111.33333 | I14: =IFERROR(MIN('Rp0,2, МПа'!I14/1.5,'Rm, МПа'!I14/2.6),"-") -> 98 | J14: =IFERROR(MIN('Rp0,2, МПа'!J14/1.5,'Rm, МПа'!J14/2.6),"-") -> 85.333333 | K14: =IFERROR(MIN('Rp0,2, МПа'!K14/1.5,'Rm, МПа'!K14/2.6),"-") -> 85.333333 | ... P14: =IFERROR(MIN('Rp0,2, МПа'!P14/1.5,'Rm, МПа'!P14/2.6),"-") -> - | Q14: =IFERROR('Rp0,2, МПа'!D14/2,"-") -> 97.5 | R14: =IFERROR('Rp0,2, МПа'!E14/2,"-") -> 97.5 | S14: =IFERROR('Rp0,2, МПа'!F14/2,"-") -> 88.5 | T14: =IFERROR('Rp0,2, МПа'!G14/2,"-") -> 83.5 | U14: =IFERROR('Rp0,2, МПа'!H14/2,"-") -> 83.5 | V14: =IFERROR('Rp0,2, МПа'!I14/2,"-") -> 73.5 | W14: =IFERROR('Rp0,2, МПа'!J14/2,"-") -> 64 | X14: =IFERROR('Rp0,2, МПа'!K14/2,"-") -> 64 | ... AC14: =IFERROR('Rp0,2, МПа'!P14/2,"-") -> -
... A359: =INDEX('Обработка исходного'!B:B,ROW($B$3)+4*(ROW($B359)-ROW($B$3))) -> Сплав на железоникелевой основе | B359: =INDEX('Обработка исходного'!D:D,ROW($B$3)+4*(ROW($B359)-ROW($B$3))) -> Сплав 0Х20Н46Б | C359: ='Rp0,2, МПа'!C359 -> Прутки круглого и квадратного сечения толщиной или диаметром от 30 до 170 мм | D359: =IFERROR(MIN('Rp0,2, МПа'!D359/1.5,'Rm, МПа'!D359/2.6),"-") -> 137.33333 | E359: =IFERROR(MIN('Rp0,2, МПа'!E359/1.5,'Rm, МПа'!E359/2.6),"-") -> 130.66667 | F359: =IFERROR(MIN('Rp0,2, МПа'!F359/1.5,'Rm, МПа'!F359/2.6),"-") -> 130.66667 | G359: =IFERROR(MIN('Rp0,2, МПа'!G359/1.5,'Rm, МПа'!G359/2.6),"-") -> 124 | H359: =IFERROR(MIN('Rp0,2, МПа'!H359/1.5,'Rm, МПа'!H359/2.6),"-") -> 118 | I359: =IFERROR(MIN('Rp0,2, МПа'!I359/1.5,'Rm, МПа'!I359/2.6),"-") -> 118 | J359: =IFERROR(MIN('Rp0,2, МПа'!J359/1.5,'Rm, МПа'!J359/2.6),"-") -> 118 | K359: =IFERROR(MIN('Rp0,2, МПа'!K359/1.5,'Rm, МПа'!K359/2.6),"-") -> 111.33333 | ... P359: =IFERROR(MIN('Rp0,2, МПа'!P359/1.5,'Rm, МПа'!P359/2.6),"-") -> 104.66667 | Q359: =IFERROR('Rp0,2, МПа'!D359/2,"-") -> 103 | R359: =IFERROR('Rp0,2, МПа'!E359/2,"-") -> 98 | S359: =IFERROR('Rp0,2, МПа'!F359/2,"-") -> 98 | T359: =IFERROR('Rp0,2, МПа'!G359/2,"-") -> 93 | U359: =IFERROR('Rp0,2, МПа'!H359/2,"-") -> 88.5 | V359: =IFERROR('Rp0,2, МПа'!I359/2,"-") -> 88.5 | W359: =IFERROR('Rp0,2, МПа'!J359/2,"-") -> 88.5 | X359: =IFERROR('Rp0,2, МПа'!K359/2,"-") -> 83.5 | ... AC359: =IFERROR('Rp0,2, МПа'!P359/2,"-") -> 78.5

Sheet Допускаемые НУЭ, МПа
A1: Класс материала | B1: Марка стали или сплава | C1: Сортамент | D1: (σ)1 | Q1: (σ)2 | AD1: (σ)3w | AQ1: (σ)4w | BD1: Множители | BE1: (σ)1 | BF1: (σ)2 | BG1: (σ)3w | BH1: (σ)4w
D2: 20 | E2: 50 | F2: 100 | G2: 150 | H2: 200 | I2: 250 | J2: 300 | K2: 350 | L2: 400 | M2: 450 | N2: 500 | O2: 550 | P2: 600 | Q2: 20 | R2: 50 | S2: 100 | T2: 150 | U2: 200 | V2: 250 | W2: 300 | X2: 350 | Y2: 400 | Z2: 450 | AA2: 500 | AB2: 550 | AC2: 600 | AD2: 20 | AE2: 50 | AF2: 100 | AG2: 150 | AH2: 200 | AI2: 250 | AJ2: 300 | AK2: 350 | AL2: 400 | AM2: 450 | AN2: 500 | AO2: 550 | AP2: 600 | AQ2: 20 | AR2: 50 | AS2: 100 | AT2: 150 | AU2: 200 | AV2: 250 | AW2: 300 | AX2: 350 | AY2: 400 | AZ2: 450 | BA2: 500 | BB2: 550 | BC2: 600 | BE2: 1 | BF2: 1.3 | BG2: 1.3 | BH2: 1.7
A3: =INDEX('Обработка исходного'!B:B,ROW($B$3)+4*(ROW($B3)-ROW($B$3))) -> Сталь углеродистая | B3: =INDEX('Обработка исходного'!D:D,ROW($B$3)+4*(ROW($B3)-ROW($B$3))) -> Ст3сп5 | C3: ='Rp0,2, МПа'!C3 -> Горячекатаная сортовая фасонная и листовая сталь толщиной до 20 мм | D3: =IFERROR('σ и σw, МПа'!D3*$BE$2,"-") -> 143.46154 | E3: =IFERROR('σ и σw, МПа'!E3*$BE$2,"-") -> 139.61538 | F3: =IFERROR('σ и σw, МПа'!F3*$BE$2,"-") -> 135.76923 | G3: =IFERROR('σ и σw, МПа'!G3*$BE$2,"-") -> 135.76923 | H3: =IFERROR('σ и σw, МПа'!H3*$BE$2,"-") -> 131.92308 | I3: =IFERROR('σ и σw, МПа'!I3*$BE$2,"-") -> 124.23077 | J3: =IFERROR('σ и σw, МПа'!J3*$BE$2,"-") -> 109.23077 | K3: =IFERROR('σ и σw, МПа'!K3*$BE$2,"-") -> - | ... P3: =IFERROR('σ и σw, МПа'!P3*$BE$2,"-") -> - | Q3: =IFERROR('σ и σw, МПа'!D3*$BF$2,"-") -> 186.5 | R3: =IFERROR('σ и σw, МПа'!E3*$BF$2,"-") -> 181.5 | S3: =IFERROR('σ и σw, МПа'!F3*$BF$2,"-") -> 176.5 | T3: =IFERROR('σ и σw, МПа'!G3*$BF$2,"-") -> 176.5 | U3: =IFERROR('σ и σw, МПа'!H3*$BF$2,"-") -> 171.5 | V3: =IFERROR('σ и σw, МПа'!I3*$BF$2,"-") -> 161.5 | W3: =IFERROR('σ и σw, МПа'!J3*$BF$2,"-") -> 142 | X3: =IFERROR('σ и σw, МПа'!K3*$BF$2,"-") -> - | ... AC3: =IFERROR('σ и σw, МПа'!P3*$BF$2,"-") -> - | AD3: =IFERROR('σ и σw, МПа'!Q3*$BG$2,"-") -> 159.25 | AE3: =IFERROR('σ и σw, МПа'!R3*$BG$2,"-") -> 152.75 | AF3: =IFERROR('σ и σw, МПа'!S3*$BG$2,"-") -> 152.75 | AG3: =IFERROR('σ и σw, МПа'!T3*$BG$2,"-") -> 152.75 | AH3: =IFERROR('σ и σw, МПа'!U3*$BG$2,"-") -> 152.75 | AI3: =IFERROR('σ и σw, МПа'!V3*$BG$2,"-") -> 133.9 | AJ3: =IFERROR('σ и σw, МПа'!W3*$BG$2,"-") -> 120.9 | AK3: =IFERROR('σ и σw, МПа'!X3*$BG$2,"-") -> - | ... AP3: =IFERROR('σ и σw, МПа'!AC3*$BG$2,"-") -> - | AQ3: =IFERROR('σ и σw, МПа'!Q3*$BH$2,"-") -> 208.25 | AR3: =IFERROR('σ и σw, МПа'!R3*$BH$2,"-") -> 199.75 | AS3: =IFERROR('σ и σw, МПа'!S3*$BH$2,"-") -> 199.75 | AT3: =IFERROR('σ и σw, МПа'!T3*$BH$2,"-") -> 199.75 | AU3: =IFERROR('σ и σw, МПа'!U3*$BH$2,"-") -> 199.75 | AV3: =IFERROR('σ и σw, МПа'!V3*$BH$2,"-") -> 175.1 | AW3: =IFERROR('σ и σw, МПа'!W3*$BH$2,"-") -> 158.1 | AX3: =IFERROR('σ и σw, МПа'!X3*$BH$2,"-") -> - | ... BC3: =IFERROR('σ и σw, МПа'!AC3*$BH$2,"-") -> -
A4: =INDEX('Обработка исходного'!B:B,ROW($B$3)+4*(ROW($B4)-ROW($B$3))) -> Сталь углеродистая | B4: =INDEX('Обработка исходного'!D:D,ROW($B$3)+4*(ROW($B4)-ROW($B$3))) -> Ст3сп5 | C4: ='Rp0,2, МПа'!C4 -> Горячекатаная сортовая фасонная и листовая сталь толщиной от 20 до 100 мм | D4: =IFERROR('σ и σw, МПа'!D4*$BE$2,"-") -> 137.33333 | E4: =IFERROR('σ и σw, МПа'!E4*$BE$2,"-") -> 130.66667 | F4: =IFERROR('σ и σw, МПа'!F4*$BE$2,"-") -> 130.66667 | G4: =IFERROR('σ и σw, МПа'!G4*$BE$2,"-") -> 130.66667 | H4: =IFERROR('σ и σw, МПа'!H4*$BE$2,"-") -> 130.66667 | I4: =IFERROR('σ и σw, МПа'!I4*$BE$2,"-") -> 118 | J4: =IFERROR('σ и σw, МПа'!J4*$BE$2,"-") -> 104.66667 | K4: =IFERROR('σ и σw, МПа'!K4*$BE$2,"-") -> - | ... P4: =IFERROR('σ и σw, МПа'!P4*$BE$2,"-") -> - | Q4: =IFERROR('σ и σw, МПа'!D4*$BF$2,"-") -> 178.53333 | R4: =IFERROR('σ и σw, МПа'!E4*$BF$2,"-") -> 169.86667 | S4: =IFERROR('σ и σw, МПа'!F4*$BF$2,"-") -> 169.86667 | T4: =IFERROR('σ и σw, МПа'!G4*$BF$2,"-") -> 169.86667 | U4: =IFERROR('σ и σw, МПа'!H4*$BF$2,"-") -> 169.86667 | V4: =IFERROR('σ и σw, МПа'!I4*$BF$2,"-") -> 153.4 | W4: =IFERROR('σ и σw, МПа'!J4*$BF$2,"-") -> 136.06667 | X4: =IFERROR('σ и σw, МПа'!K4*$BF$2,"-") -> - | ... AC4: =IFERROR('σ и σw, МПа'!P4*$BF$2,"-") -> - | AD4: =IFERROR('σ и σw, МПа'!Q4*$BG$2,"-") -> 133.9 | AE4: =IFERROR('σ и σw, МПа'!R4*$BG$2,"-") -> 127.4 | AF4: =IFERROR('σ и σw, МПа'!S4*$BG$2,"-") -> 127.4 | AG4: =IFERROR('σ и σw, МПа'!T4*$BG$2,"-") -> 127.4 | AH4: =IFERROR('σ и σw, МПа'!U4*$BG$2,"-") -> 127.4 | AI4: =IFERROR('σ и σw, МПа'!V4*$BG$2,"-") -> 115.05 | AJ4: =IFERROR('σ и σw, МПа'!W4*$BG$2,"-") -> 102.05 | AK4: =IFERROR('σ и σw, МПа'!X4*$BG$2,"-") -> - | ... AP4: =IFERROR('σ и σw, МПа'!AC4*$BG$2,"-") -> - | AQ4: =IFERROR('σ и σw, МПа'!Q4*$BH$2,"-") -> 175.1 | AR4: =IFERROR('σ и σw, МПа'!R4*$BH$2,"-") -> 166.6 | AS4: =IFERROR('σ и σw, МПа'!S4*$BH$2,"-") -> 166.6 | AT4: =IFERROR('σ и σw, МПа'!T4*$BH$2,"-") -> 166.6 | AU4: =IFERROR('σ и σw, МПа'!U4*$BH$2,"-") -> 166.6 | AV4: =IFERROR('σ и σw, МПа'!V4*$BH$2,"-") -> 150.45 | AW4: =IFERROR('σ и σw, МПа'!W4*$BH$2,"-") -> 133.45 | AX4: =IFERROR('σ и σw, МПа'!X4*$BH$2,"-") -> - | ... BC4: =IFERROR('σ и σw, МПа'!AC4*$BH$2,"-") -> -
A5: =INDEX('Обработка исходного'!B:B,ROW($B$3)+4*(ROW($B5)-ROW($B$3))) -> Сталь углеродистая | B5: =INDEX('Обработка исходного'!D:D,ROW($B$3)+4*(ROW($B5)-ROW($B$3))) -> Ст3сп5 | C5: ='Rp0,2, МПа'!C5 -> Горячекатаная сортовая фасонная и листовая сталь толщиной более 100 мм | D5: =IFERROR('σ и σw, МПа'!D5*$BE$2,"-") -> 137.33333 | E5: =IFERROR('σ и σw, МПа'!E5*$BE$2,"-") -> 130.66667 | F5: =IFERROR('σ и σw, МПа'!F5*$BE$2,"-") -> 130.66667 | G5: =IFERROR('σ и σw, МПа'!G5*$BE$2,"-") -> 130.66667 | H5: =IFERROR('σ и σw, МПа'!H5*$BE$2,"-") -> 130.66667 | I5: =IFERROR('σ и σw, МПа'!I5*$BE$2,"-") -> 118 | J5: =IFERROR('σ и σw, МПа'!J5*$BE$2,"-") -> 104.66667 | K5: =IFERROR('σ и σw, МПа'!K5*$BE$2,"-") -> - | ... P5: =IFERROR('σ и σw, МПа'!P5*$BE$2,"-") -> - | Q5: =IFERROR('σ и σw, МПа'!D5*$BF$2,"-") -> 178.53333 | R5: =IFERROR('σ и σw, МПа'!E5*$BF$2,"-") -> 169.86667 | S5: =IFERROR('σ и σw, МПа'!F5*$BF$2,"-") -> 169.86667 | T5: =IFERROR('σ и σw, МПа'!G5*$BF$2,"-") -> 169.86667 | U5: =IFERROR('σ и σw, МПа'!H5*$BF$2,"-") -> 169.86667 | V5: =IFERROR('σ и σw, МПа'!I5*$BF$2,"-") -> 153.4 | W5: =IFERROR('σ и σw, МПа'!J5*$BF$2,"-") -> 136.06667 | X5: =IFERROR('σ и σw, МПа'!K5*$BF$2,"-") -> - | ... AC5: =IFERROR('σ и σw, МПа'!P5*$BF$2,"-") -> - | AD5: =IFERROR('σ и σw, МПа'!Q5*$BG$2,"-") -> 133.9 | AE5: =IFERROR('σ и σw, МПа'!R5*$BG$2,"-") -> 127.4 | AF5: =IFERROR('σ и σw, МПа'!S5*$BG$2,"-") -> 127.4 | AG5: =IFERROR('σ и σw, МПа'!T5*$BG$2,"-") -> 127.4 | AH5: =IFERROR('σ и σw, МПа'!U5*$BG$2,"-") -> 127.4 | AI5: =IFERROR('σ и σw, МПа'!V5*$BG$2,"-") -> 115.05 | AJ5: =IFERROR('σ и σw, МПа'!W5*$BG$2,"-") -> 102.05 | AK5: =IFERROR('σ и σw, МПа'!X5*$BG$2,"-") -> - | ... AP5: =IFERROR('σ и σw, МПа'!AC5*$BG$2,"-") -> - | AQ5: =IFERROR('σ и σw, МПа'!Q5*$BH$2,"-") -> 175.1 | AR5: =IFERROR('σ и σw, МПа'!R5*$BH$2,"-") -> 166.6 | AS5: =IFERROR('σ и σw, МПа'!S5*$BH$2,"-") -> 166.6 | AT5: =IFERROR('σ и σw, МПа'!T5*$BH$2,"-") -> 166.6 | AU5: =IFERROR('σ и σw, МПа'!U5*$BH$2,"-") -> 166.6 | AV5: =IFERROR('σ и σw, МПа'!V5*$BH$2,"-") -> 150.45 | AW5: =IFERROR('σ и σw, МПа'!W5*$BH$2,"-") -> 133.45 | AX5: =IFERROR('σ и σw, МПа'!X5*$BH$2,"-") -> - | ... BC5: =IFERROR('σ и σw, МПа'!AC5*$BH$2,"-") -> -
A6: =INDEX('Обработка исходного'!B:B,ROW($B$3)+4*(ROW($B6)-ROW($B$3))) -> Сталь углеродистая | B6: =INDEX('Обработка исходного'!D:D,ROW($B$3)+4*(ROW($B6)-ROW($B$3))) -> Ст3сп5 | C6: ='Rp0,2, МПа'!C6 -> Трубы | D6: =IFERROR('σ и σw, МПа'!D6*$BE$2,"-") -> 137.33333 | E6: =IFERROR('σ и σw, МПа'!E6*$BE$2,"-") -> 130.66667 | F6: =IFERROR('σ и σw, МПа'!F6*$BE$2,"-") -> 130.66667 | G6: =IFERROR('σ и σw, МПа'!G6*$BE$2,"-") -> 130.66667 | H6: =IFERROR('σ и σw, МПа'!H6*$BE$2,"-") -> 130.66667 | I6: =IFERROR('σ и σw, МПа'!I6*$BE$2,"-") -> 118 | J6: =IFERROR('σ и σw, МПа'!J6*$BE$2,"-") -> 104.66667 | K6: =IFERROR('σ и σw, МПа'!K6*$BE$2,"-") -> - | ... P6: =IFERROR('σ и σw, МПа'!P6*$BE$2,"-") -> - | Q6: =IFERROR('σ и σw, МПа'!D6*$BF$2,"-") -> 178.53333 | R6: =IFERROR('σ и σw, МПа'!E6*$BF$2,"-") -> 169.86667 | S6: =IFERROR('σ и σw, МПа'!F6*$BF$2,"-") -> 169.86667 | T6: =IFERROR('σ и σw, МПа'!G6*$BF$2,"-") -> 169.86667 | U6: =IFERROR('σ и σw, МПа'!H6*$BF$2,"-") -> 169.86667 | V6: =IFERROR('σ и σw, МПа'!I6*$BF$2,"-") -> 153.4 | W6: =IFERROR('σ и σw, МПа'!J6*$BF$2,"-") -> 136.06667 | X6: =IFERROR('σ и σw, МПа'!K6*$BF$2,"-") -> - | ... AC6: =IFERROR('σ и σw, МПа'!P6*$BF$2,"-") -> - | AD6: =IFERROR('σ и σw, МПа'!Q6*$BG$2,"-") -> 133.9 | AE6: =IFERROR('σ и σw, МПа'!R6*$BG$2,"-") -> 127.4 | AF6: =IFERROR('σ и σw, МПа'!S6*$BG$2,"-") -> 127.4 | AG6: =IFERROR('σ и σw, МПа'!T6*$BG$2,"-") -> 127.4 | AH6: =IFERROR('σ и σw, МПа'!U6*$BG$2,"-") -> 127.4 | AI6: =IFERROR('σ и σw, МПа'!V6*$BG$2,"-") -> 115.05 | AJ6: =IFERROR('σ и σw, МПа'!W6*$BG$2,"-") -> 102.05 | AK6: =IFERROR('σ и σw, МПа'!X6*$BG$2,"-") -> - | ... AP6: =IFERROR('σ и σw, МПа'!AC6*$BG$2,"-") -> - | AQ6: =IFERROR('σ и σw, МПа'!Q6*$BH$2,"-") -> 175.1 | AR6: =IFERROR('σ и σw, МПа'!R6*$BH$2,"-") -> 166.6 | AS6: =IFERROR('σ и σw, МПа'!S6*$BH$2,"-") -> 166.6 | AT6: =IFERROR('σ и σw, МПа'!T6*$BH$2,"-") -> 166.6 | AU6: =IFERROR('σ и σw, МПа'!U6*$BH$2,"-") -> 166.6 | AV6: =IFERROR('σ и σw, МПа'!V6*$BH$2,"-") -> 150.45 | AW6: =IFERROR('σ и σw, МПа'!W6*$BH$2,"-") -> 133.45 | AX6: =IFERROR('σ и σw, МПа'!X6*$BH$2,"-") -> - | ... BC6: =IFERROR('σ и σw, МПа'!AC6*$BH$2,"-") -> -
A7: =INDEX('Обработка исходного'!B:B,ROW($B$3)+4*(ROW($B7)-ROW($B$3))) -> Сталь углеродистая | B7: =INDEX('Обработка исходного'!D:D,ROW($B$3)+4*(ROW($B7)-ROW($B$3))) -> Ст3сп5 | C7: ='Rp0,2, МПа'!C7 -> Поковки диаметром или толщиной до 300 мм, КП175* | D7: =IFERROR('σ и σw, МПа'!D7*$BE$2,"-") -> 116.66667 | E7: =IFERROR('σ и σw, МПа'!E7*$BE$2,"-") -> 111.33333 | F7: =IFERROR('σ и σw, МПа'!F7*$BE$2,"-") -> 111.33333 | G7: =IFERROR('σ и σw, МПа'!G7*$BE$2,"-") -> 111.33333 | H7: =IFERROR('σ и σw, МПа'!H7*$BE$2,"-") -> 104.66667 | I7: =IFERROR('σ и σw, МПа'!I7*$BE$2,"-") -> 98 | J7: =IFERROR('σ и σw, МПа'!J7*$BE$2,"-") -> 91.333333 | K7: =IFERROR('σ и σw, МПа'!K7*$BE$2,"-") -> - | ... P7: =IFERROR('σ и σw, МПа'!P7*$BE$2,"-") -> - | Q7: =IFERROR('σ и σw, МПа'!D7*$BF$2,"-") -> 151.66667 | R7: =IFERROR('σ и σw, МПа'!E7*$BF$2,"-") -> 144.73333 | S7: =IFERROR('σ и σw, МПа'!F7*$BF$2,"-") -> 144.73333 | T7: =IFERROR('σ и σw, МПа'!G7*$BF$2,"-") -> 144.73333 | U7: =IFERROR('σ и σw, МПа'!H7*$BF$2,"-") -> 136.06667 | V7: =IFERROR('σ и σw, МПа'!I7*$BF$2,"-") -> 127.4 | W7: =IFERROR('σ и σw, МПа'!J7*$BF$2,"-") -> 118.73333 | X7: =IFERROR('σ и σw, МПа'!K7*$BF$2,"-") -> - | ... AC7: =IFERROR('σ и σw, МПа'!P7*$BF$2,"-") -> - | AD7: =IFERROR('σ и σw, МПа'!Q7*$BG$2,"-") -> 113.75 | AE7: =IFERROR('σ и σw, МПа'!R7*$BG$2,"-") -> 108.55 | AF7: =IFERROR('σ и σw, МПа'!S7*$BG$2,"-") -> 108.55 | AG7: =IFERROR('σ и σw, МПа'!T7*$BG$2,"-") -> 108.55 | AH7: =IFERROR('σ и σw, МПа'!U7*$BG$2,"-") -> 102.05 | AI7: =IFERROR('σ и σw, МПа'!V7*$BG$2,"-") -> 95.55 | AJ7: =IFERROR('σ и σw, МПа'!W7*$BG$2,"-") -> 89.05 | AK7: =IFERROR('σ и σw, МПа'!X7*$BG$2,"-") -> - | ... AP7: =IFERROR('σ и σw, МПа'!AC7*$BG$2,"-") -> - | AQ7: =IFERROR('σ и σw, МПа'!Q7*$BH$2,"-") -> 148.75 | AR7: =IFERROR('σ и σw, МПа'!R7*$BH$2,"-") -> 141.95 | AS7: =IFERROR('σ и σw, МПа'!S7*$BH$2,"-") -> 141.95 | AT7: =IFERROR('σ и σw, МПа'!T7*$BH$2,"-") -> 141.95 | AU7: =IFERROR('σ и σw, МПа'!U7*$BH$2,"-") -> 133.45 | AV7: =IFERROR('σ и σw, МПа'!V7*$BH$2,"-") -> 124.95 | AW7: =IFERROR('σ и σw, МПа'!W7*$BH$2,"-") -> 116.45 | AX7: =IFERROR('σ и σw, МПа'!X7*$BH$2,"-") -> - | ... BC7: =IFERROR('σ и σw, МПа'!AC7*$BH$2,"-") -> -
A8: =INDEX('Обработка исходного'!B:B,ROW($B$3)+4*(ROW($B8)-ROW($B$3))) -> Сталь углеродистая | B8: =INDEX('Обработка исходного'!D:D,ROW($B$3)+4*(ROW($B8)-ROW($B$3))) -> Ст3сп5 | C8: ='Rp0,2, МПа'!C8 -> Поковки диаметром или толщиной до 300 мм, КП195* | D8: =IFERROR('σ и σw, МПа'!D8*$BE$2,"-") -> 130 | E8: =IFERROR('σ и σw, МПа'!E8*$BE$2,"-") -> 130 | F8: =IFERROR('σ и σw, МПа'!F8*$BE$2,"-") -> 130 | G8: =IFERROR('σ и σw, МПа'!G8*$BE$2,"-") -> 130 | H8: =IFERROR('σ и σw, МПа'!H8*$BE$2,"-") -> 118 | I8: =IFERROR('σ и σw, МПа'!I8*$BE$2,"-") -> 111.33333 | J8: =IFERROR('σ и σw, МПа'!J8*$BE$2,"-") -> 98 | K8: =IFERROR('σ и σw, МПа'!K8*$BE$2,"-") -> - | ... P8: =IFERROR('σ и σw, МПа'!P8*$BE$2,"-") -> - | Q8: =IFERROR('σ и σw, МПа'!D8*$BF$2,"-") -> 169 | R8: =IFERROR('σ и σw, МПа'!E8*$BF$2,"-") -> 169 | S8: =IFERROR('σ и σw, МПа'!F8*$BF$2,"-") -> 169 | T8: =IFERROR('σ и σw, МПа'!G8*$BF$2,"-") -> 169 | U8: =IFERROR('σ и σw, МПа'!H8*$BF$2,"-") -> 153.4 | V8: =IFERROR('σ и σw, МПа'!I8*$BF$2,"-") -> 144.73333 | W8: =IFERROR('σ и σw, МПа'!J8*$BF$2,"-") -> 127.4 | X8: =IFERROR('σ и σw, МПа'!K8*$BF$2,"-") -> - | ... AC8: =IFERROR('σ и σw, МПа'!P8*$BF$2,"-") -> - | AD8: =IFERROR('σ и σw, МПа'!Q8*$BG$2,"-") -> 126.75 | AE8: =IFERROR('σ и σw, МПа'!R8*$BG$2,"-") -> 126.75 | AF8: =IFERROR('σ и σw, МПа'!S8*$BG$2,"-") -> 126.75 | AG8: =IFERROR('σ и σw, МПа'!T8*$BG$2,"-") -> 126.75 | AH8: =IFERROR('σ и σw, МПа'!U8*$BG$2,"-") -> 115.05 | AI8: =IFERROR('σ и σw, МПа'!V8*$BG$2,"-") -> 108.55 | AJ8: =IFERROR('σ и σw, МПа'!W8*$BG$2,"-") -> 95.55 | AK8: =IFERROR('σ и σw, МПа'!X8*$BG$2,"-") -> - | ... AP8: =IFERROR('σ и σw, МПа'!AC8*$BG$2,"-") -> - | AQ8: =IFERROR('σ и σw, МПа'!Q8*$BH$2,"-") -> 165.75 | AR8: =IFERROR('σ и σw, МПа'!R8*$BH$2,"-") -> 165.75 | AS8: =IFERROR('σ и σw, МПа'!S8*$BH$2,"-") -> 165.75 | AT8: =IFERROR('σ и σw, МПа'!T8*$BH$2,"-") -> 165.75 | AU8: =IFERROR('σ и σw, МПа'!U8*$BH$2,"-") -> 150.45 | AV8: =IFERROR('σ и σw, МПа'!V8*$BH$2,"-") -> 141.95 | AW8: =IFERROR('σ и σw, МПа'!W8*$BH$2,"-") -> 124.95 | AX8: =IFERROR('σ и σw, МПа'!X8*$BH$2,"-") -> - | ... BC8: =IFERROR('σ и σw, МПа'!AC8*$BH$2,"-") -> -
A9: =INDEX('Обработка исходного'!B:B,ROW($B$3)+4*(ROW($B9)-ROW($B$3))) -> Сталь углеродистая | B9: =INDEX('Обработка исходного'!D:D,ROW($B$3)+4*(ROW($B9)-ROW($B$3))) -> Ст3сп5 | C9: ='Rp0,2, МПа'!C9 -> Поковки диаметром или толщиной до 50 мм, КП215* | D9: =IFERROR('σ и σw, МПа'!D9*$BE$2,"-") -> 143.33333 | E9: =IFERROR('σ и σw, МПа'!E9*$BE$2,"-") -> 137.33333 | F9: =IFERROR('σ и σw, МПа'!F9*$BE$2,"-") -> 137.33333 | G9: =IFERROR('σ и σw, МПа'!G9*$BE$2,"-") -> 137.33333 | H9: =IFERROR('σ и σw, МПа'!H9*$BE$2,"-") -> 130.66667 | I9: =IFERROR('σ и σw, МПа'!I9*$BE$2,"-") -> 130.66667 | J9: =IFERROR('σ и σw, МПа'!J9*$BE$2,"-") -> 111.33333 | K9: =IFERROR('σ и σw, МПа'!K9*$BE$2,"-") -> - | ... P9: =IFERROR('σ и σw, МПа'!P9*$BE$2,"-") -> - | Q9: =IFERROR('σ и σw, МПа'!D9*$BF$2,"-") -> 186.33333 | R9: =IFERROR('σ и σw, МПа'!E9*$BF$2,"-") -> 178.53333 | S9: =IFERROR('σ и σw, МПа'!F9*$BF$2,"-") -> 178.53333 | T9: =IFERROR('σ и σw, МПа'!G9*$BF$2,"-") -> 178.53333 | U9: =IFERROR('σ и σw, МПа'!H9*$BF$2,"-") -> 169.86667 | V9: =IFERROR('σ и σw, МПа'!I9*$BF$2,"-") -> 169.86667 | W9: =IFERROR('σ и σw, МПа'!J9*$BF$2,"-") -> 144.73333 | X9: =IFERROR('σ и σw, МПа'!K9*$BF$2,"-") -> - | ... AC9: =IFERROR('σ и σw, МПа'!P9*$BF$2,"-") -> - | AD9: =IFERROR('σ и σw, МПа'!Q9*$BG$2,"-") -> 139.75 | AE9: =IFERROR('σ и σw, МПа'!R9*$BG$2,"-") -> 133.9 | AF9: =IFERROR('σ и σw, МПа'!S9*$BG$2,"-") -> 133.9 | AG9: =IFERROR('σ и σw, МПа'!T9*$BG$2,"-") -> 133.9 | AH9: =IFERROR('σ и σw, МПа'!U9*$BG$2,"-") -> 127.4 | AI9: =IFERROR('σ и σw, МПа'!V9*$BG$2,"-") -> 127.4 | AJ9: =IFERROR('σ и σw, МПа'!W9*$BG$2,"-") -> 108.55 | AK9: =IFERROR('σ и σw, МПа'!X9*$BG$2,"-") -> - | ... AP9: =IFERROR('σ и σw, МПа'!AC9*$BG$2,"-") -> - | AQ9: =IFERROR('σ и σw, МПа'!Q9*$BH$2,"-") -> 182.75 | AR9: =IFERROR('σ и σw, МПа'!R9*$BH$2,"-") -> 175.1 | AS9: =IFERROR('σ и σw, МПа'!S9*$BH$2,"-") -> 175.1 | AT9: =IFERROR('σ и σw, МПа'!T9*$BH$2,"-") -> 175.1 | AU9: =IFERROR('σ и σw, МПа'!U9*$BH$2,"-") -> 166.6 | AV9: =IFERROR('σ и σw, МПа'!V9*$BH$2,"-") -> 166.6 | AW9: =IFERROR('σ и σw, МПа'!W9*$BH$2,"-") -> 141.95 | AX9: =IFERROR('σ и σw, МПа'!X9*$BH$2,"-") -> - | ... BC9: =IFERROR('σ и σw, МПа'!AC9*$BH$2,"-") -> -
A10: =INDEX('Обработка исходного'!B:B,ROW($B$3)+4*(ROW($B10)-ROW($B$3))) -> Сталь углеродистая | B10: =INDEX('Обработка исходного'!D:D,ROW($B$3)+4*(ROW($B10)-ROW($B$3))) -> 10 | C10: ='Rp0,2, МПа'!C10 -> Трубы холодно- и теплодеформированные бесшовные | D10: =IFERROR('σ и σw, МПа'!D10*$BE$2,"-") -> 131.92308 | E10: =IFERROR('σ и σw, МПа'!E10*$BE$2,"-") -> 128.07692 | F10: =IFERROR('σ и σw, МПа'!F10*$BE$2,"-") -> 128.07692 | G10: =IFERROR('σ и σw, МПа'!G10*$BE$2,"-") -> 120.66667 | H10: =IFERROR('σ и σw, МПа'!H10*$BE$2,"-") -> 117.33333 | I10: =IFERROR('σ и σw, МПа'!I10*$BE$2,"-") -> 104.66667 | J10: =IFERROR('σ и σw, МПа'!J10*$BE$2,"-") -> 91.333333 | K10: =IFERROR('σ и σw, МПа'!K10*$BE$2,"-") -> 78.666667 | ... P10: =IFERROR('σ и σw, МПа'!P10*$BE$2,"-") -> - | Q10: =IFERROR('σ и σw, МПа'!D10*$BF$2,"-") -> 171.5 | R10: =IFERROR('σ и σw, МПа'!E10*$BF$2,"-") -> 166.5 | S10: =IFERROR('σ и σw, МПа'!F10*$BF$2,"-") -> 166.5 | T10: =IFERROR('σ и σw, МПа'!G10*$BF$2,"-") -> 156.86667 | U10: =IFERROR('σ и σw, МПа'!H10*$BF$2,"-") -> 152.53333 | V10: =IFERROR('σ и σw, МПа'!I10*$BF$2,"-") -> 136.06667 | W10: =IFERROR('σ и σw, МПа'!J10*$BF$2,"-") -> 118.73333 | X10: =IFERROR('σ и σw, МПа'!K10*$BF$2,"-") -> 102.26667 | ... AC10: =IFERROR('σ и σw, МПа'!P10*$BF$2,"-") -> - | AD10: =IFERROR('σ и σw, МПа'!Q10*$BG$2,"-") -> 133.9 | AE10: =IFERROR('σ и σw, МПа'!R10*$BG$2,"-") -> 127.4 | AF10: =IFERROR('σ и σw, МПа'!S10*$BG$2,"-") -> 126.75 | AG10: =IFERROR('σ и σw, МПа'!T10*$BG$2,"-") -> 117.65 | AH10: =IFERROR('σ и σw, МПа'!U10*$BG$2,"-") -> 114.4 | AI10: =IFERROR('σ и σw, МПа'!V10*$BG$2,"-") -> 102.05 | AJ10: =IFERROR('σ и σw, МПа'!W10*$BG$2,"-") -> 89.05 | AK10: =IFERROR('σ и σw, МПа'!X10*$BG$2,"-") -> 76.7 | ... AP10: =IFERROR('σ и σw, МПа'!AC10*$BG$2,"-") -> - | AQ10: =IFERROR('σ и σw, МПа'!Q10*$BH$2,"-") -> 175.1 | AR10: =IFERROR('σ и σw, МПа'!R10*$BH$2,"-") -> 166.6 | AS10: =IFERROR('σ и σw, МПа'!S10*$BH$2,"-") -> 165.75 | AT10: =IFERROR('σ и σw, МПа'!T10*$BH$2,"-") -> 153.85 | AU10: =IFERROR('σ и σw, МПа'!U10*$BH$2,"-") -> 149.6 | AV10: =IFERROR('σ и σw, МПа'!V10*$BH$2,"-") -> 133.45 | AW10: =IFERROR('σ и σw, МПа'!W10*$BH$2,"-") -> 116.45 | AX10: =IFERROR('σ и σw, МПа'!X10*$BH$2,"-") -> 100.3 | ... BC10: =IFERROR('σ и σw, МПа'!AC10*$BH$2,"-") -> -
A11: =INDEX('Обработка исходного'!B:B,ROW($B$3)+4*(ROW($B11)-ROW($B$3))) -> Сталь углеродистая | B11: =INDEX('Обработка исходного'!D:D,ROW($B$3)+4*(ROW($B11)-ROW($B$3))) -> 10 | C11: ='Rp0,2, МПа'!C11 -> Сортовая горячекатаная и кованая сталь толщиной или диаметром до 80 мм | D11: =IFERROR('σ и σw, МПа'!D11*$BE$2,"-") -> 124 | E11: =IFERROR('σ и σw, МПа'!E11*$BE$2,"-") -> 124 | F11: =IFERROR('σ и σw, МПа'!F11*$BE$2,"-") -> 124 | G11: =IFERROR('σ и σw, МПа'!G11*$BE$2,"-") -> 118 | H11: =IFERROR('σ и σw, МПа'!H11*$BE$2,"-") -> 118 | I11: =IFERROR('σ и σw, МПа'!I11*$BE$2,"-") -> 104.66667 | J11: =IFERROR('σ и σw, МПа'!J11*$BE$2,"-") -> 91.333333 | K11: =IFERROR('σ и σw, МПа'!K11*$BE$2,"-") -> 78.666667 | ... P11: =IFERROR('σ и σw, МПа'!P11*$BE$2,"-") -> - | Q11: =IFERROR('σ и σw, МПа'!D11*$BF$2,"-") -> 161.2 | R11: =IFERROR('σ и σw, МПа'!E11*$BF$2,"-") -> 161.2 | S11: =IFERROR('σ и σw, МПа'!F11*$BF$2,"-") -> 161.2 | T11: =IFERROR('σ и σw, МПа'!G11*$BF$2,"-") -> 153.4 | U11: =IFERROR('σ и σw, МПа'!H11*$BF$2,"-") -> 153.4 | V11: =IFERROR('σ и σw, МПа'!I11*$BF$2,"-") -> 136.06667 | W11: =IFERROR('σ и σw, МПа'!J11*$BF$2,"-") -> 118.73333 | X11: =IFERROR('σ и σw, МПа'!K11*$BF$2,"-") -> 102.26667 | ... AC11: =IFERROR('σ и σw, МПа'!P11*$BF$2,"-") -> - | AD11: =IFERROR('σ и σw, МПа'!Q11*$BG$2,"-") -> 120.9 | AE11: =IFERROR('σ и σw, МПа'!R11*$BG$2,"-") -> 120.9 | AF11: =IFERROR('σ и σw, МПа'!S11*$BG$2,"-") -> 120.9 | AG11: =IFERROR('σ и σw, МПа'!T11*$BG$2,"-") -> 115.05 | AH11: =IFERROR('σ и σw, МПа'!U11*$BG$2,"-") -> 115.05 | AI11: =IFERROR('σ и σw, МПа'!V11*$BG$2,"-") -> 102.05 | AJ11: =IFERROR('σ и σw, МПа'!W11*$BG$2,"-") -> 89.05 | AK11: =IFERROR('σ и σw, МПа'!X11*$BG$2,"-") -> 76.7 | ... AP11: =IFERROR('σ и σw, МПа'!AC11*$BG$2,"-") -> - | AQ11: =IFERROR('σ и σw, МПа'!Q11*$BH$2,"-") -> 158.1 | AR11: =IFERROR('σ и σw, МПа'!R11*$BH$2,"-") -> 158.1 | AS11: =IFERROR('σ и σw, МПа'!S11*$BH$2,"-") -> 158.1 | AT11: =IFERROR('σ и σw, МПа'!T11*$BH$2,"-") -> 150.45 | AU11: =IFERROR('σ и σw, МПа'!U11*$BH$2,"-") -> 150.45 | AV11: =IFERROR('σ и σw, МПа'!V11*$BH$2,"-") -> 133.45 | AW11: =IFERROR('σ и σw, МПа'!W11*$BH$2,"-") -> 116.45 | AX11: =IFERROR('σ и σw, МПа'!X11*$BH$2,"-") -> 100.3 | ... BC11: =IFERROR('σ и σw, МПа'!AC11*$BH$2,"-") -> -
A12: =INDEX('Обработка исходного'!B:B,ROW($B$3)+4*(ROW($B12)-ROW($B$3))) -> Сталь углеродистая | B12: =INDEX('Обработка исходного'!D:D,ROW($B$3)+4*(ROW($B12)-ROW($B$3))) -> 15 | C12: ='Rp0,2, МПа'!C12 -> Сортовая горячекатаная сталь толщиной или диаметром до 80 мм | D12: =IFERROR('σ и σw, МПа'!D12*$BE$2,"-") -> 143.46154 | E12: =IFERROR('σ и σw, МПа'!E12*$BE$2,"-") -> 143.46154 | F12: =IFERROR('σ и σw, МПа'!F12*$BE$2,"-") -> 139.61538 | G12: =IFERROR('σ и σw, МПа'!G12*$BE$2,"-") -> 130.66667 | H12: =IFERROR('σ и σw, МПа'!H12*$BE$2,"-") -> 130.66667 | I12: =IFERROR('σ и σw, МПа'!I12*$BE$2,"-") -> 128.07692 | J12: =IFERROR('σ и σw, МПа'!J12*$BE$2,"-") -> 128.07692 | K12: =IFERROR('σ и σw, МПа'!K12*$BE$2,"-") -> 128.07692 | ... P12: =IFERROR('σ и σw, МПа'!P12*$BE$2,"-") -> - | Q12: =IFERROR('σ и σw, МПа'!D12*$BF$2,"-") -> 186.5 | R12: =IFERROR('σ и σw, МПа'!E12*$BF$2,"-") -> 186.5 | S12: =IFERROR('σ и σw, МПа'!F12*$BF$2,"-") -> 181.5 | T12: =IFERROR('σ и σw, МПа'!G12*$BF$2,"-") -> 169.86667 | U12: =IFERROR('σ и σw, МПа'!H12*$BF$2,"-") -> 169.86667 | V12: =IFERROR('σ и σw, МПа'!I12*$BF$2,"-") -> 166.5 | W12: =IFERROR('σ и σw, МПа'!J12*$BF$2,"-") -> 166.5 | X12: =IFERROR('σ и σw, МПа'!K12*$BF$2,"-") -> 166.5 | ... AC12: =IFERROR('σ и σw, МПа'!P12*$BF$2,"-") -> - | AD12: =IFERROR('σ и σw, МПа'!Q12*$BG$2,"-") -> 146.9 | AE12: =IFERROR('σ и σw, МПа'!R12*$BG$2,"-") -> 140.4 | AF12: =IFERROR('σ и σw, МПа'!S12*$BG$2,"-") -> 140.4 | AG12: =IFERROR('σ и σw, МПа'!T12*$BG$2,"-") -> 127.4 | AH12: =IFERROR('σ и σw, МПа'!U12*$BG$2,"-") -> 127.4 | AI12: =IFERROR('σ и σw, МПа'!V12*$BG$2,"-") -> 127.4 | AJ12: =IFERROR('σ и σw, МПа'!W12*$BG$2,"-") -> 127.4 | AK12: =IFERROR('σ и σw, МПа'!X12*$BG$2,"-") -> 127.4 | ... AP12: =IFERROR('σ и σw, МПа'!AC12*$BG$2,"-") -> - | AQ12: =IFERROR('σ и σw, МПа'!Q12*$BH$2,"-") -> 192.1 | AR12: =IFERROR('σ и σw, МПа'!R12*$BH$2,"-") -> 183.6 | AS12: =IFERROR('σ и σw, МПа'!S12*$BH$2,"-") -> 183.6 | AT12: =IFERROR('σ и σw, МПа'!T12*$BH$2,"-") -> 166.6 | AU12: =IFERROR('σ и σw, МПа'!U12*$BH$2,"-") -> 166.6 | AV12: =IFERROR('σ и σw, МПа'!V12*$BH$2,"-") -> 166.6 | AW12: =IFERROR('σ и σw, МПа'!W12*$BH$2,"-") -> 166.6 | AX12: =IFERROR('σ и σw, МПа'!X12*$BH$2,"-") -> 166.6 | ... BC12: =IFERROR('σ и σw, МПа'!AC12*$BH$2,"-") -> -
A13: =INDEX('Обработка исходного'!B:B,ROW($B$3)+4*(ROW($B13)-ROW($B$3))) -> Сталь углеродистая | B13: =INDEX('Обработка исходного'!D:D,ROW($B$3)+4*(ROW($B13)-ROW($B$3))) -> 15 | C13: ='Rp0,2, МПа'!C13 -> Поковки диаметром до 300 мм, КП175* | D13: =IFERROR('σ и σw, МПа'!D13*$BE$2,"-") -> 116.66667 | E13: =IFERROR('σ и σw, МПа'!E13*$BE$2,"-") -> 111.33333 | F13: =IFERROR('σ и σw, МПа'!F13*$BE$2,"-") -> 104.66667 | G13: =IFERROR('σ и σw, МПа'!G13*$BE$2,"-") -> 98 | H13: =IFERROR('σ и σw, МПа'!H13*$BE$2,"-") -> 98 | I13: =IFERROR('σ и σw, МПа'!I13*$BE$2,"-") -> 85.333333 | J13: =IFERROR('σ и σw, МПа'!J13*$BE$2,"-") -> 78.666667 | K13: =IFERROR('σ и σw, МПа'!K13*$BE$2,"-") -> 78.666667 | ... P13: =IFERROR('σ и σw, МПа'!P13*$BE$2,"-") -> - | Q13: =IFERROR('σ и σw, МПа'!D13*$BF$2,"-") -> 151.66667 | R13: =IFERROR('σ и σw, МПа'!E13*$BF$2,"-") -> 144.73333 | S13: =IFERROR('σ и σw, МПа'!F13*$BF$2,"-") -> 136.06667 | T13: =IFERROR('σ и σw, МПа'!G13*$BF$2,"-") -> 127.4 | U13: =IFERROR('σ и σw, МПа'!H13*$BF$2,"-") -> 127.4 | V13: =IFERROR('σ и σw, МПа'!I13*$BF$2,"-") -> 110.93333 | W13: =IFERROR('σ и σw, МПа'!J13*$BF$2,"-") -> 102.26667 | X13: =IFERROR('σ и σw, МПа'!K13*$BF$2,"-") -> 102.26667 | ... AC13: =IFERROR('σ и σw, МПа'!P13*$BF$2,"-") -> - | AD13: =IFERROR('σ и σw, МПа'!Q13*$BG$2,"-") -> 113.75 | AE13: =IFERROR('σ и σw, МПа'!R13*$BG$2,"-") -> 108.55 | AF13: =IFERROR('σ и σw, МПа'!S13*$BG$2,"-") -> 102.05 | AG13: =IFERROR('σ и σw, МПа'!T13*$BG$2,"-") -> 95.55 | AH13: =IFERROR('σ и σw, МПа'!U13*$BG$2,"-") -> 95.55 | AI13: =IFERROR('σ и σw, МПа'!V13*$BG$2,"-") -> 83.2 | AJ13: =IFERROR('σ и σw, МПа'!W13*$BG$2,"-") -> 76.7 | AK13: =IFERROR('σ и σw, МПа'!X13*$BG$2,"-") -> 76.7 | ... AP13: =IFERROR('σ и σw, МПа'!AC13*$BG$2,"-") -> - | AQ13: =IFERROR('σ и σw, МПа'!Q13*$BH$2,"-") -> 148.75 | AR13: =IFERROR('σ и σw, МПа'!R13*$BH$2,"-") -> 141.95 | AS13: =IFERROR('σ и σw, МПа'!S13*$BH$2,"-") -> 133.45 | AT13: =IFERROR('σ и σw, МПа'!T13*$BH$2,"-") -> 124.95 | AU13: =IFERROR('σ и σw, МПа'!U13*$BH$2,"-") -> 124.95 | AV13: =IFERROR('σ и σw, МПа'!V13*$BH$2,"-") -> 108.8 | AW13: =IFERROR('σ и σw, МПа'!W13*$BH$2,"-") -> 100.3 | AX13: =IFERROR('σ и σw, МПа'!X13*$BH$2,"-") -> 100.3 | ... BC13: =IFERROR('σ и σw, МПа'!AC13*$BH$2,"-") -> -
